Vehicle_ID,Region_Type,Vehicle_Type,Speed_kmph,Acceleration_mps2,RSU_Energy_Source,RSU_Power_kW,Traffic_Density_Vehicles_per_km,Distance_to_RSU_m,Signal_Strength_dBm,Packet_Size_KB,Transmission_Latency_ms,Energy_Consumption_J,Carbon_Emission_gCO2,Optimal_Route_Score,Carbon_Emission_Level
V0001,Highway,Bus,83.18,-1.95,Non-Renewable,4.49,106,331.62,-88.2,855,25.29,278.44,278.44,74.33,Medium
V0002,Urban,Bus,45.98,2.13,Renewable,4.0,45,933.17,-57.08,531,6.01,413.58,82.72,109.32,Low
V0003,Highway,Bus,83.4,-1.64,Renewable,7.23,118,168.38,-75.66,683,78.77,215.64,43.13,65.63,Low
V0004,Highway,Bus,74.0,2.02,Renewable,6.95,64,669.85,-62.02,843,83.06,106.29,21.26,71.4,Low
V0005,Urban,EV,97.98,-1.32,Renewable,4.66,194,100.08,-76.03,946,10.65,68.67,13.73,100.97,Low
V0006,Urban,Car,30.7,0.86,Non-Renewable,9.42,78,473.86,-72.56,821,63.04,176.68,176.68,68.37,Medium
V0007,Highway,EV,96.1,1.16,Renewable,8.76,70,576.28,-43.84,88,40.93,159.91,31.98,101.02,Low
V0008,Suburban,EV,74.13,0.08,Non-Renewable,3.79,139,333.06,-79.67,615,80.42,302.16,302.16,49.85,High
V0009,Highway,Bus,116.3,-1.17,Hybrid,3.91,64,482.32,-46.29,561,88.07,59.78,29.89,76.33,Low
V0010,Highway,Truck,54.19,-1.72,Hybrid,6.1,131,205.38,-88.48,523,85.85,284.26,142.13,50.73,Low
V0011,Highway,Truck,83.26,-2.8,Renewable,8.19,106,338.92,-85.46,210,78.83,226.3,45.26,60.59,Low
V0012,Highway,EV,113.2,-1.18,Hybrid,2.35,89,640.05,-47.27,338,30.56,309.71,154.85,98.34,Medium
V0013,Urban,EV,30.25,0.92,Hybrid,7.55,96,336.71,-58.47,249,82.13,366.09,183.04,65.55,Medium
V0014,Highway,Bus,113.72,2.63,Hybrid,7.19,47,904.76,-52.64,837,55.68,335.34,167.67,82.46,Medium
V0015,Suburban,EV,88.79,2.23,Renewable,3.85,128,646.99,-79.53,577,10.01,493.09,98.62,95.3,Low
V0016,Urban,Bus,26.78,1.6,Renewable,7.45,87,466.72,-63.15,966,48.41,112.22,22.44,88.1,Low
V0017,Suburban,Truck,50.1,1.73,Hybrid,9.52,166,86.82,-53.14,734,94.51,243.38,121.69,65.09,Low
V0018,Suburban,Truck,90.82,0.99,Non-Renewable,2.37,163,524.57,-58.63,552,89.35,241.17,241.17,58.95,Medium
V0019,Suburban,Car,26.74,-1.44,Hybrid,4.56,44,776.54,-66.42,297,14.72,237.67,118.84,98.49,Low
V0020,Suburban,Truck,78.22,2.44,Renewable,5.51,88,302.28,-42.01,432,75.69,348.71,69.74,82.66,Low
V0021,Urban,EV,54.59,1.02,Renewable,9.19,76,816.43,-56.19,267,81.55,270.42,54.08,73.43,Low
V0022,Urban,Truck,82.09,0.36,Renewable,9.7,96,289.22,-44.61,136,30.78,282.84,56.57,104.48,Low
V0023,Suburban,Bus,24.57,-2.33,Hybrid,5.55,166,832.56,-53.51,131,49.8,244.56,122.28,87.23,Low
V0024,Suburban,Truck,107.15,-0.32,Non-Renewable,8.0,43,131.0,-53.23,111,72.54,496.26,496.26,57.3,High
V0025,Urban,Car,117.35,-0.24,Renewable,6.25,106,872.87,-86.0,848,46.71,467.4,93.48,73.97,Low
V0026,Urban,Truck,116.89,2.19,Renewable,6.3,178,524.23,-72.03,549,15.72,188.48,37.7,99.24,Low
V0027,Urban,Bus,94.97,0.28,Hybrid,4.22,178,331.71,-47.08,91,72.06,100.22,50.11,82.92,Low
V0028,Highway,Bus,33.01,-0.72,Non-Renewable,3.74,160,301.86,-78.37,61,91.61,427.89,427.89,38.62,High
V0029,Highway,EV,95.83,2.86,Hybrid,4.3,80,460.41,-84.22,882,66.99,498.73,249.36,56.93,Medium
V0030,Highway,Truck,22.46,-2.34,Renewable,6.45,12,999.1,-73.69,795,78.51,181.67,36.33,67.08,Low
V0031,Suburban,Bus,22.21,-0.46,Non-Renewable,2.23,67,259.31,-78.98,890,39.04,211.0,211.0,75.44,Medium
V0032,Highway,Car,52.36,-2.75,Non-Renewable,9.26,41,148.06,-43.74,692,22.4,473.73,473.73,88.24,High
V0033,Suburban,EV,68.86,1.44,Renewable,3.25,40,605.78,-46.6,164,66.06,370.01,74.0,84.97,Low
V0034,Suburban,Car,97.04,2.51,Non-Renewable,3.76,91,514.12,-65.02,267,36.14,183.04,183.04,85.27,Medium
V0035,Highway,Truck,88.33,-1.32,Non-Renewable,6.15,52,547.99,-86.93,698,86.71,311.47,311.47,42.61,High
V0036,Suburban,Truck,64.59,2.15,Hybrid,7.68,144,683.59,-54.27,155,16.65,474.9,237.45,97.67,Medium
V0037,Highway,Truck,47.36,-1.25,Renewable,2.77,114,303.79,-58.83,740,46.18,415.32,83.06,88.34,Low
V0038,Highway,EV,119.71,2.46,Renewable,4.54,10,915.13,-41.47,577,42.69,383.82,76.76,99.08,Low
V0039,Urban,Bus,62.62,1.52,Renewable,9.75,70,463.89,-62.05,521,94.12,381.65,76.33,63.1,Low
V0040,Highway,EV,65.14,1.83,Renewable,4.1,23,172.63,-73.18,803,19.55,130.11,26.02,97.33,Low
V0041,Urban,Car,36.36,-2.89,Renewable,4.5,189,755.18,-64.05,895,5.94,421.11,84.22,105.79,Low
V0042,Highway,EV,99.48,2.78,Non-Renewable,8.69,15,660.95,-41.04,942,27.62,174.25,174.25,101.96,Medium
V0043,Highway,Car,89.37,1.36,Hybrid,2.4,112,349.96,-55.18,436,82.93,468.66,234.33,64.23,Medium
V0044,Urban,EV,42.08,-1.17,Renewable,5.72,19,640.44,-56.4,275,24.89,214.09,42.82,102.21,Low
V0045,Urban,Bus,28.24,1.98,Hybrid,5.04,80,258.87,-77.97,530,27.88,435.95,217.98,81.18,Medium
V0046,Highway,Car,88.05,-1.31,Hybrid,4.53,99,472.6,-52.82,803,17.34,169.81,84.9,105.68,Low
V0047,Suburban,Truck,85.45,2.24,Non-Renewable,4.29,167,904.44,-52.49,457,72.97,281.54,281.54,68.19,Medium
V0048,Urban,Truck,47.33,-2.32,Renewable,2.73,158,176.86,-74.14,506,11.57,98.1,19.62,101.16,Low
V0049,Suburban,EV,115.09,1.22,Non-Renewable,4.52,135,417.36,-65.81,702,36.46,347.05,347.05,76.51,High
V0050,Suburban,Truck,35.11,0.24,Renewable,2.34,197,830.09,-75.27,947,31.84,426.24,85.25,87.18,Low
V0051,Suburban,Car,63.23,-2.42,Non-Renewable,8.25,106,971.02,-77.06,760,57.74,373.3,373.3,58.93,High
V0052,Urban,Truck,114.36,-1.55,Hybrid,5.19,83,481.23,-88.71,673,74.39,285.47,142.74,56.31,Low
V0053,Suburban,Bus,61.97,-2.93,Renewable,5.55,124,531.65,-75.74,688,55.62,70.3,14.06,78.62,Low
V0054,Urban,Bus,83.85,-0.19,Hybrid,9.15,179,593.56,-62.3,70,93.45,470.05,235.02,55.37,Medium
V0055,Suburban,EV,59.76,-1.19,Hybrid,7.26,60,935.73,-89.92,708,95.39,367.47,183.74,43.16,Medium
V0056,Highway,Car,47.42,0.59,Non-Renewable,2.06,65,865.3,-75.84,650,39.34,385.64,385.64,68.13,High
V0057,Highway,Bus,118.4,-1.22,Renewable,9.55,50,212.07,-45.93,864,78.88,407.61,81.52,78.52,Low
V0058,Urban,Bus,60.93,-1.2,Hybrid,3.9,41,464.92,-60.32,967,75.19,386.48,193.24,67.58,Medium
V0059,Highway,Car,109.41,1.46,Non-Renewable,2.86,24,490.8,-59.61,252,89.83,248.5,248.5,57.86,Medium
V0060,Highway,Truck,43.0,-2.71,Renewable,8.15,71,799.64,-69.83,466,47.55,380.13,76.03,82.51,Low
V0061,Suburban,Truck,41.31,2.42,Renewable,6.0,164,622.75,-56.18,465,55.39,331.26,66.25,85.9,Low
V0062,Urban,EV,23.11,2.11,Hybrid,5.47,37,671.51,-80.5,497,44.5,434.31,217.16,71.64,Medium
V0063,Suburban,Truck,85.17,1.01,Renewable,4.0,73,998.29,-49.06,561,85.79,411.11,82.22,73.46,Low
V0064,Suburban,Car,56.85,0.56,Hybrid,6.38,196,121.21,-84.17,134,26.82,68.62,34.31,87.79,Low
V0065,Suburban,Bus,106.44,2.35,Renewable,4.2,195,261.86,-57.2,216,27.77,220.5,44.1,100.31,Low
V0066,Suburban,Truck,67.32,-1.89,Non-Renewable,9.21,139,437.5,-72.94,433,40.4,65.62,65.62,85.05,Low
V0067,Suburban,EV,116.82,-2.53,Hybrid,3.72,136,380.39,-52.62,517,26.88,95.93,47.96,102.85,Low
V0068,Suburban,Truck,38.55,-1.56,Hybrid,9.07,45,70.56,-62.51,121,58.3,320.63,160.32,76.58,Medium
V0069,Suburban,Car,106.86,1.77,Renewable,6.48,123,137.19,-67.38,859,17.78,443.22,88.64,97.99,Low
V0070,Urban,EV,97.66,-2.79,Renewable,8.63,22,696.91,-81.53,570,35.42,103.92,20.78,85.49,Low
V0071,Highway,Truck,97.09,0.5,Hybrid,7.7,24,885.36,-58.16,842,91.78,252.99,126.5,63.7,Low
V0072,Suburban,EV,104.48,2.97,Renewable,7.57,98,538.52,-41.26,522,43.88,459.9,91.98,97.83,Low
V0073,Suburban,Car,96.1,2.13,Non-Renewable,4.59,197,562.23,-48.72,307,76.08,416.44,416.44,61.78,High
V0074,Suburban,Bus,82.62,0.13,Renewable,3.87,31,292.34,-87.0,324,15.78,283.85,56.77,90.77,Low
V0075,Suburban,Car,33.12,-2.62,Non-Renewable,3.69,83,779.48,-71.19,799,28.52,397.21,397.21,75.28,High
V0076,Suburban,Car,23.25,1.99,Non-Renewable,8.86,34,764.2,-43.72,69,81.7,285.21,285.21,68.03,Medium
V0077,Suburban,Car,112.08,0.59,Non-Renewable,8.56,110,608.95,-64.85,539,77.48,121.14,121.14,67.78,Low
V0078,Highway,Car,81.67,-2.31,Non-Renewable,5.52,185,252.03,-56.89,794,41.68,106.13,106.13,90.41,Low
V0079,Highway,Bus,99.65,-2.44,Non-Renewable,3.06,180,142.17,-44.37,539,95.67,134.77,134.77,68.24,Low
V0080,Suburban,Bus,68.15,2.46,Renewable,5.06,126,111.03,-46.31,782,91.51,207.91,41.58,74.01,Low
V0081,Highway,EV,31.73,1.02,Non-Renewable,6.95,175,613.06,-64.91,375,96.42,468.74,468.74,40.9,High
V0082,Urban,Truck,32.52,1.98,Renewable,5.64,50,833.78,-68.12,578,45.65,409.86,81.97,84.02,Low
V0083,Suburban,Bus,88.56,2.27,Non-Renewable,8.24,182,865.41,-73.02,941,23.76,244.76,244.76,84.37,Medium
V0084,Urban,Bus,63.03,0.43,Hybrid,9.98,97,490.44,-54.05,138,64.53,271.88,135.94,78.91,Low
V0085,Urban,Truck,40.05,0.1,Non-Renewable,3.53,177,795.06,-75.65,535,70.05,169.52,169.52,63.67,Medium
V0086,Suburban,Bus,69.16,-0.42,Hybrid,5.68,119,949.54,-77.51,757,16.92,366.96,183.48,88.61,Medium
V0087,Highway,Car,26.42,-1.1,Non-Renewable,5.45,129,311.41,-72.19,399,79.72,411.24,411.24,48.48,High
V0088,Urban,Car,78.2,-0.39,Non-Renewable,4.44,106,428.06,-81.14,133,6.72,157.51,157.51,93.19,Medium
V0089,Suburban,Truck,46.9,1.64,Non-Renewable,3.58,154,934.91,-55.24,436,50.86,68.82,68.82,88.51,Low
V0090,Urban,EV,99.76,0.61,Hybrid,2.53,66,371.32,-59.19,136,36.45,330.75,165.38,88.91,Medium
V0091,Urban,EV,51.04,2.36,Hybrid,9.1,139,918.18,-65.86,356,75.33,303.13,151.56,66.83,Medium
V0092,Urban,Truck,65.52,-0.34,Non-Renewable,5.36,105,981.99,-70.48,899,34.71,230.96,230.96,80.86,Medium
V0093,Urban,Truck,21.16,0.64,Renewable,5.98,130,678.72,-44.55,203,83.55,339.75,67.95,77.55,Low
V0094,Highway,Car,27.24,0.79,Non-Renewable,9.34,71,826.05,-88.54,489,61.52,297.78,297.78,55.08,Medium
V0095,Urban,EV,59.25,0.55,Hybrid,8.21,146,762.07,-51.54,789,80.42,162.76,81.38,74.95,Low
V0096,Urban,Bus,67.99,1.22,Non-Renewable,3.04,77,714.56,-44.9,1009,98.99,228.98,228.98,61.61,Medium
V0097,Urban,Car,80.0,-1.58,Hybrid,6.52,90,341.58,-67.68,313,69.52,242.65,121.32,70.33,Low
V0098,Highway,Truck,49.17,0.07,Hybrid,5.54,26,104.24,-62.47,784,98.57,446.11,223.06,53.33,Medium
V0099,Urban,EV,89.5,-2.37,Hybrid,8.38,126,375.9,-42.78,470,7.74,482.41,241.2,107.68,Medium
V0100,Urban,Bus,106.01,-0.69,Non-Renewable,7.79,59,683.59,-79.39,542,37.12,451.85,451.85,64.15,High
V0101,Highway,Bus,97.99,-0.07,Hybrid,7.52,121,147.4,-63.99,682,15.25,373.63,186.82,96.04,Medium
V0102,Highway,Car,23.96,0.91,Hybrid,4.72,103,61.32,-66.26,460,29.92,313.25,156.62,89.08,Medium
V0103,Highway,EV,68.05,2.7,Non-Renewable,8.44,177,182.71,-77.08,222,84.69,360.17,360.17,46.11,High
V0104,Urban,EV,30.49,0.6,Hybrid,2.42,195,729.95,-49.07,53,8.07,472.6,236.3,104.62,Medium
V0105,Highway,Truck,44.2,1.46,Non-Renewable,3.28,94,974.15,-45.02,903,54.42,162.5,162.5,87.15,Medium
V0106,Highway,EV,118.67,0.04,Hybrid,4.68,158,983.91,-50.9,689,58.88,290.8,145.4,82.84,Low
V0107,Urban,EV,34.25,0.8,Renewable,2.61,155,519.28,-80.23,521,58.31,360.32,72.06,72.13,Low
V0108,Highway,Car,69.89,-2.57,Renewable,3.88,192,875.88,-85.66,159,50.15,355.66,71.13,73.54,Low
V0109,Urban,EV,81.82,-1.47,Hybrid,8.64,166,749.99,-59.73,916,80.11,163.53,81.76,70.99,Low
V0110,Suburban,Bus,90.25,-0.83,Renewable,9.59,161,525.99,-87.15,86,17.69,314.03,62.81,89.44,Low
V0111,Highway,Car,75.96,-0.17,Non-Renewable,4.44,83,594.12,-56.36,632,34.5,408.16,408.16,79.16,High
V0112,Suburban,Car,20.98,-2.73,Renewable,4.12,118,180.37,-63.48,850,63.49,263.79,52.76,78.88,Low
V0113,Urban,Truck,52.65,-2.16,Hybrid,4.24,154,940.78,-56.86,80,70.64,406.98,203.49,71.08,Medium
V0114,Highway,EV,71.77,-1.34,Hybrid,4.22,27,384.33,-60.49,1000,43.39,211.95,105.98,87.76,Low
V0115,Urban,Truck,28.79,2.83,Non-Renewable,2.29,51,473.84,-68.86,430,88.16,472.44,472.44,42.87,High
V0116,Suburban,Bus,55.06,-1.01,Hybrid,9.42,110,688.08,-79.96,317,44.47,290.27,145.14,75.53,Low
V0117,Urban,Car,23.32,-0.11,Non-Renewable,3.71,54,367.21,-74.71,60,43.26,318.18,318.18,70.11,High
V0118,Highway,Car,27.86,-1.82,Renewable,5.36,91,291.55,-63.77,393,8.44,64.11,12.82,108.25,Low
V0119,Highway,Car,59.69,0.66,Renewable,2.08,26,649.5,-57.41,889,57.36,126.62,25.32,86.35,Low
V0120,Suburban,Bus,33.27,-1.32,Non-Renewable,8.86,82,73.73,-51.03,593,72.32,334.82,334.82,66.58,High
V0121,Urban,Bus,76.75,-1.76,Non-Renewable,7.85,23,734.69,-51.64,618,15.87,238.94,238.94,99.3,Medium
V0122,Highway,Truck,88.95,0.1,Hybrid,9.57,186,538.32,-41.37,215,34.02,278.67,139.34,100.34,Low
V0123,Suburban,Truck,100.06,-2.97,Renewable,8.25,166,625.47,-75.71,749,79.22,78.34,15.67,66.75,Low
V0124,Highway,Truck,40.02,-2.95,Non-Renewable,4.51,141,650.29,-86.44,391,39.76,425.36,425.36,60.63,High
V0125,Highway,EV,36.75,-1.69,Renewable,3.98,91,550.7,-72.72,531,27.95,403.03,80.61,90.63,Low
V0126,Urban,Car,30.46,-2.78,Non-Renewable,7.58,157,603.41,-52.84,68,68.86,133.41,133.41,77.48,Low
V0127,Highway,Car,83.64,-2.35,Renewable,4.91,129,699.6,-68.09,677,23.69,335.45,67.09,95.76,Low
V0128,Urban,Truck,90.65,-0.97,Hybrid,6.53,129,765.46,-49.11,233,90.09,418.24,209.12,64.94,Medium
V0129,Highway,Car,23.16,1.82,Renewable,2.05,56,741.08,-62.53,831,15.03,338.38,67.68,102.84,Low
V0130,Suburban,Truck,113.62,0.43,Renewable,2.5,116,876.14,-43.51,594,72.12,189.68,37.94,85.29,Low
V0131,Highway,EV,25.2,0.08,Renewable,6.28,117,229.97,-42.61,59,52.46,345.25,69.05,94.01,Low
V0132,Urban,EV,74.13,-1.24,Renewable,6.53,18,431.09,-86.53,641,87.64,144.71,28.94,56.47,Low
V0133,Urban,Bus,90.91,2.59,Renewable,8.01,88,950.41,-67.18,241,16.99,193.21,38.64,100.98,Low
V0134,Suburban,EV,107.1,-0.62,Hybrid,3.06,164,426.76,-59.52,369,69.4,158.03,79.02,76.59,Low
V0135,Highway,Truck,91.41,-2.48,Non-Renewable,6.11,24,168.63,-77.21,751,59.35,300.62,300.62,61.69,High
V0136,Highway,EV,100.17,0.7,Renewable,3.56,28,549.17,-69.65,629,50.61,98.7,19.74,83.88,Low
V0137,Suburban,Bus,53.95,-2.32,Hybrid,2.75,99,154.02,-56.12,524,51.68,469.99,235.0,79.35,Medium
V0138,Highway,Car,101.48,-0.93,Renewable,5.28,189,242.71,-78.66,909,73.59,200.08,40.02,66.87,Low
V0139,Highway,Truck,28.01,0.04,Renewable,3.31,35,998.4,-59.9,686,94.09,148.54,29.71,66.52,Low
V0140,Urban,Car,109.48,2.25,Non-Renewable,3.77,163,564.29,-55.13,476,13.67,273.45,273.45,96.93,Medium
V0141,Highway,Bus,74.76,-0.04,Renewable,4.54,163,319.86,-85.48,897,6.85,174.65,34.93,97.09,Low
V0142,Highway,Bus,101.73,1.21,Hybrid,4.08,183,995.04,-65.12,108,81.54,290.71,145.35,64.4,Low
V0143,Suburban,Bus,65.23,2.96,Hybrid,2.7,101,968.23,-76.85,485,15.28,206.83,103.42,93.76,Low
V0144,Suburban,Car,84.36,-2.21,Non-Renewable,2.72,186,468.7,-53.78,146,98.74,109.43,109.43,63.27,Low
V0145,Urban,Car,72.64,-1.35,Renewable,3.55,91,297.38,-80.52,545,63.84,169.65,33.93,71.12,Low
V0146,Highway,Car,93.16,-0.63,Hybrid,2.4,190,846.48,-45.39,836,66.83,247.3,123.65,82.71,Low
V0147,Highway,Car,28.16,-0.47,Renewable,7.01,140,729.84,-68.45,710,23.89,63.63,12.73,98.19,Low
V0148,Highway,Bus,26.04,-0.53,Renewable,4.3,51,702.59,-80.1,327,27.83,396.79,79.36,87.07,Low
V0149,Urban,Bus,44.71,2.45,Renewable,4.24,28,898.46,-68.1,314,67.64,329.82,65.96,73.83,Low
V0150,Urban,Truck,35.95,1.28,Non-Renewable,4.66,26,704.95,-69.56,58,91.42,320.61,320.61,48.48,High
V0151,Suburban,Truck,107.18,0.65,Renewable,7.3,170,319.61,-68.55,506,98.33,295.72,59.14,58.6,Low
V0152,Urban,Car,41.92,-1.14,Hybrid,8.97,85,709.17,-60.72,844,23.81,315.64,157.82,94.84,Medium
V0153,Highway,EV,117.59,1.94,Renewable,8.07,186,340.52,-63.94,322,17.74,470.59,94.12,99.45,Low
V0154,Highway,EV,53.69,2.73,Hybrid,7.82,193,771.28,-82.51,989,10.36,53.86,26.93,97.22,Low
V0155,Urban,Bus,38.21,1.93,Renewable,5.88,72,638.76,-86.72,862,87.49,71.51,14.3,57.18,Low
V0156,Highway,Bus,98.97,-2.99,Hybrid,7.55,140,123.54,-53.53,57,33.0,136.17,68.08,98.33,Low
V0157,Highway,Bus,85.87,0.82,Hybrid,6.42,116,537.19,-62.01,257,5.17,125.29,62.64,108.28,Low
V0158,Urban,Truck,69.82,-2.69,Renewable,3.73,58,376.14,-72.05,963,26.26,131.54,26.31,94.53,Low
V0159,Urban,Truck,75.54,-1.45,Renewable,3.67,64,362.14,-49.58,686,37.34,352.37,70.47,98.02,Low
V0160,Highway,Bus,91.92,-2.64,Hybrid,4.37,163,622.14,-70.6,172,99.14,256.77,128.38,53.71,Low
V0161,Highway,Bus,42.85,0.62,Non-Renewable,9.29,108,356.21,-50.2,82,54.74,496.3,496.3,67.72,High
V0162,Highway,Bus,119.63,1.12,Renewable,6.38,61,788.05,-74.71,562,24.45,152.1,30.42,93.9,Low
V0163,Suburban,EV,117.48,-2.31,Non-Renewable,7.87,109,117.25,-86.36,253,36.81,189.87,189.87,73.92,Medium
V0164,Suburban,Truck,85.03,-0.7,Renewable,4.77,126,677.37,-43.37,567,36.38,492.91,98.58,100.2,Low
V0165,Suburban,EV,39.95,-0.26,Renewable,5.26,127,818.74,-70.27,858,6.87,424.29,84.86,102.19,Low
V0166,Urban,EV,88.02,-0.79,Renewable,3.0,16,689.19,-50.37,1000,17.84,261.41,52.28,108.28,Low
V0167,Suburban,Bus,27.22,-2.27,Renewable,3.37,55,522.37,-76.04,566,71.04,299.57,59.91,68.46,Low
V0168,Urban,Bus,23.07,-0.49,Non-Renewable,8.62,55,952.79,-57.68,492,16.42,429.43,429.43,86.48,High
V0169,Urban,Car,45.77,1.51,Renewable,6.68,109,334.94,-46.33,641,26.92,266.44,53.29,105.71,Low
V0170,Suburban,Car,66.26,-2.57,Hybrid,4.7,153,68.21,-87.92,835,38.32,142.71,71.36,78.31,Low
V0171,Suburban,EV,106.83,-2.52,Hybrid,8.42,161,460.39,-48.47,738,76.98,422.8,211.4,71.7,Medium
V0172,Suburban,Truck,92.72,-0.87,Non-Renewable,3.97,198,81.36,-61.43,899,60.33,292.0,292.0,69.52,Medium
V0173,Highway,Bus,94.27,2.65,Renewable,9.81,63,956.24,-59.63,882,70.45,118.87,23.77,78.77,Low
V0174,Suburban,Bus,62.55,1.01,Hybrid,4.76,71,249.42,-63.84,388,58.87,277.51,138.76,76.71,Low
V0175,Highway,EV,54.59,1.07,Non-Renewable,4.7,138,799.48,-46.28,487,69.94,235.94,235.94,75.09,Medium
V0176,Urban,Car,57.1,-0.83,Renewable,4.5,58,785.84,-87.83,494,5.27,444.58,88.92,94.0,Low
V0177,Highway,Truck,118.76,0.56,Hybrid,2.98,34,256.84,-76.95,185,93.44,106.72,53.36,57.14,Low
V0178,Suburban,Car,24.01,-2.94,Hybrid,2.89,19,640.17,-46.21,436,15.54,443.84,221.92,103.03,Medium
V0179,Urban,Car,106.7,0.82,Non-Renewable,7.18,127,95.68,-52.38,74,43.59,280.49,280.49,82.99,Medium
V0180,Urban,Car,77.87,2.48,Renewable,9.0,153,509.4,-89.12,555,78.25,231.96,46.39,59.0,Low
V0181,Urban,Car,63.86,0.68,Renewable,8.32,195,63.91,-64.15,374,46.35,122.89,24.58,88.52,Low
V0182,Highway,Bus,92.53,2.24,Hybrid,3.13,166,925.09,-63.52,744,94.95,365.37,182.68,56.63,Medium
V0183,Suburban,Bus,68.67,1.34,Hybrid,6.36,101,977.28,-69.96,729,49.42,467.06,233.53,73.63,Medium
V0184,Urban,Car,107.34,-2.28,Hybrid,2.84,143,261.17,-75.13,387,88.12,218.92,109.46,57.9,Low
V0185,Urban,Truck,110.07,2.41,Renewable,2.36,153,247.7,-55.91,739,82.03,158.71,31.74,74.44,Low
V0186,Urban,EV,62.17,-2.6,Non-Renewable,7.25,157,766.03,-79.61,934,98.19,299.69,299.69,41.12,Medium
V0187,Highway,Truck,47.68,0.2,Non-Renewable,6.28,89,290.71,-50.05,144,93.02,408.28,408.28,53.05,High
V0188,Highway,Truck,79.24,-2.15,Renewable,2.66,80,900.32,-49.85,594,90.32,51.7,10.34,74.4,Low
V0189,Suburban,Truck,111.24,-2.93,Non-Renewable,2.28,87,595.23,-69.24,672,74.5,334.12,334.12,56.42,High
V0190,Highway,Car,41.07,-0.47,Hybrid,9.92,52,383.24,-75.82,195,39.86,318.43,159.22,79.2,Medium
V0191,Urban,Bus,82.3,-1.23,Non-Renewable,2.24,163,841.06,-75.81,942,15.08,193.17,193.17,89.9,Medium
V0192,Suburban,Truck,83.16,-0.08,Non-Renewable,5.56,99,518.74,-65.89,1002,70.42,253.14,253.14,64.19,Medium
V0193,Urban,Car,93.31,0.46,Non-Renewable,6.04,87,916.05,-54.02,280,97.97,161.13,161.13,60.95,Medium
V0194,Urban,Truck,33.16,-2.74,Hybrid,2.94,170,931.61,-72.06,833,74.03,405.45,202.72,61.82,Medium
V0195,Highway,Truck,91.58,-2.26,Renewable,3.35,35,207.15,-59.5,897,93.23,335.54,67.11,65.28,Low
V0196,Suburban,Car,110.9,0.35,Hybrid,4.81,130,52.21,-70.88,544,81.41,289.72,144.86,61.61,Low
V0197,Highway,Bus,37.97,-0.94,Renewable,8.09,54,984.73,-74.77,87,20.5,226.64,45.33,95.1,Low
V0198,Highway,Bus,43.75,1.38,Renewable,6.06,72,910.83,-88.76,474,28.67,181.12,36.22,84.47,Low
V0199,Suburban,EV,117.14,0.91,Renewable,7.1,189,102.67,-89.8,696,37.48,420.23,84.05,77.16,Low
V0200,Urban,Car,38.1,2.07,Non-Renewable,9.88,77,841.38,-78.64,895,20.98,253.13,253.13,82.53,Medium
V0201,Urban,EV,105.44,1.15,Non-Renewable,8.14,163,484.91,-69.68,796,60.26,275.65,275.65,66.25,Medium
V0202,Suburban,EV,69.23,-0.42,Renewable,5.47,11,296.01,-47.44,486,97.67,284.37,56.87,69.6,Low
V0203,Urban,EV,44.72,1.04,Renewable,5.57,151,884.81,-50.08,880,77.34,251.77,50.35,78.77,Low
V0204,Suburban,Bus,107.07,-1.35,Non-Renewable,6.95,117,236.83,-76.64,417,45.22,165.24,165.24,75.81,Medium
V0205,Suburban,Car,64.53,-1.16,Hybrid,7.32,39,949.93,-77.77,394,5.43,104.15,52.08,100.8,Low
V0206,Highway,EV,71.48,1.73,Renewable,6.01,58,245.34,-78.63,209,34.76,94.34,18.87,87.36,Low
V0207,Suburban,Car,55.92,-0.32,Hybrid,7.16,149,633.0,-73.04,599,55.04,390.86,195.43,71.19,Medium
V0208,Highway,Car,79.3,1.79,Non-Renewable,2.19,53,261.93,-65.09,711,35.8,150.59,150.59,87.03,Medium
V0209,Urban,Bus,36.35,1.93,Renewable,5.44,170,568.39,-68.07,961,15.55,75.05,15.01,102.44,Low
V0210,Urban,EV,59.11,2.15,Hybrid,4.23,22,699.78,-79.09,869,47.06,408.88,204.44,71.7,Medium
V0211,Urban,EV,116.94,2.5,Hybrid,3.03,87,230.72,-83.48,590,29.06,119.33,59.66,85.75,Low
V0212,Urban,Car,45.81,-0.41,Hybrid,2.8,135,544.84,-89.37,193,91.38,331.32,165.66,46.34,Medium
V0213,Highway,Truck,85.67,-1.09,Non-Renewable,6.83,107,495.61,-82.3,637,14.67,202.39,202.39,86.4,Medium
V0214,Urban,Bus,52.52,0.49,Non-Renewable,6.19,35,117.49,-54.73,706,9.67,106.92,106.92,107.45,Low
V0215,Suburban,Bus,97.35,-0.77,Hybrid,4.03,158,827.39,-77.82,790,5.5,236.52,118.26,97.43,Low
V0216,Suburban,Bus,33.09,0.61,Hybrid,5.77,165,368.9,-66.57,625,36.17,56.66,28.33,92.21,Low
V0217,Suburban,Bus,116.98,1.23,Non-Renewable,5.94,57,595.85,-60.43,908,67.74,428.47,428.47,59.49,High
V0218,Highway,EV,65.38,1.13,Hybrid,3.56,177,539.05,-45.66,394,74.39,281.07,140.54,77.95,Low
V0219,Urban,EV,43.61,-0.75,Hybrid,7.22,75,537.6,-45.56,318,48.06,112.62,56.31,95.37,Low
V0220,Urban,Truck,27.35,-2.0,Non-Renewable,8.25,96,151.86,-52.71,889,70.01,156.64,156.64,75.81,Medium
V0221,Urban,Bus,36.98,-0.42,Hybrid,8.33,88,452.31,-88.24,745,39.19,251.59,125.8,75.0,Low
V0222,Highway,Bus,71.98,-2.14,Hybrid,6.82,32,479.75,-61.25,822,68.44,134.99,67.5,76.78,Low
V0223,Suburban,Car,53.7,2.34,Hybrid,6.09,90,746.96,-50.67,317,8.86,170.87,85.44,110.96,Low
V0224,Suburban,EV,102.89,-0.92,Non-Renewable,2.49,57,848.02,-89.14,218,42.12,290.47,290.47,64.85,Medium
V0225,Urban,Bus,63.09,-2.07,Hybrid,4.3,133,567.73,-62.52,820,80.13,424.67,212.34,63.06,Medium
V0226,Suburban,Truck,44.87,-2.85,Non-Renewable,2.75,139,132.44,-47.11,788,81.29,230.83,230.83,69.26,Medium
V0227,Suburban,Truck,81.71,0.87,Non-Renewable,9.71,93,275.01,-66.29,82,73.03,372.64,372.64,56.71,High
V0228,Highway,EV,90.68,0.82,Renewable,3.08,29,206.69,-89.79,426,24.4,444.51,88.9,83.46,Low
V0229,Highway,Truck,36.7,-0.96,Renewable,3.21,196,168.38,-89.45,263,28.48,147.34,29.47,84.56,Low
V0230,Highway,Truck,36.76,-2.57,Hybrid,9.12,55,397.6,-69.17,611,99.63,413.24,206.62,50.27,Medium
V0231,Highway,EV,23.67,-0.54,Non-Renewable,9.55,140,267.92,-82.25,489,14.82,390.83,390.83,76.92,High
V0232,Urban,Bus,93.64,-1.13,Renewable,8.13,192,257.39,-56.78,541,22.16,210.62,42.12,103.42,Low
V0233,Highway,Bus,86.38,1.06,Hybrid,2.04,21,101.96,-54.56,442,17.35,495.28,247.64,96.66,Medium
V0234,Suburban,Truck,67.46,0.63,Renewable,2.01,49,66.79,-81.11,538,36.13,168.16,33.63,84.7,Low
V0235,Urban,Truck,104.42,-0.81,Renewable,5.02,75,147.63,-45.57,771,24.97,164.66,32.93,108.08,Low
V0236,Suburban,Bus,100.57,-1.69,Non-Renewable,3.15,109,213.59,-67.9,995,52.28,397.52,397.52,65.03,High
V0237,Suburban,EV,78.54,2.93,Non-Renewable,2.15,87,459.43,-82.86,78,50.22,245.6,245.6,66.18,Medium
V0238,Suburban,Truck,106.83,-0.28,Renewable,5.71,25,534.99,-51.79,88,90.64,198.86,39.77,71.8,Low
V0239,Highway,Car,40.58,1.13,Renewable,9.54,92,183.56,-50.5,908,8.3,130.4,26.08,114.3,Low
V0240,Highway,EV,31.19,-2.16,Non-Renewable,4.59,171,453.54,-58.04,661,35.39,394.4,394.4,78.57,High
V0241,Urban,Truck,46.97,-0.09,Hybrid,7.29,53,374.66,-47.33,222,61.68,403.84,201.92,80.4,Medium
V0242,Urban,Truck,25.71,-2.83,Non-Renewable,7.22,143,224.25,-53.13,66,62.46,304.95,304.95,71.96,High
V0243,Highway,Car,73.12,0.03,Renewable,4.01,109,56.5,-45.89,105,50.61,480.79,96.16,91.94,Low
V0244,Suburban,Car,113.66,2.78,Hybrid,7.2,31,493.67,-68.31,275,82.49,193.17,96.58,64.77,Low
V0245,Urban,Bus,23.93,-0.69,Renewable,3.7,27,701.37,-52.62,607,10.96,148.83,29.77,111.72,Low
V0246,Highway,EV,32.21,-2.77,Hybrid,2.98,21,264.96,-40.01,116,82.47,354.86,177.43,74.89,Medium
V0247,Highway,EV,65.22,-2.81,Renewable,7.61,189,175.22,-53.75,246,52.0,391.28,78.26,88.21,Low
V0248,Highway,Bus,113.39,-0.67,Hybrid,2.91,132,892.69,-84.29,703,17.71,151.21,75.6,90.22,Low
V0249,Suburban,EV,51.62,-2.04,Hybrid,9.98,126,311.27,-64.08,884,89.14,84.47,42.24,66.28,Low
V0250,Highway,EV,70.72,-2.86,Renewable,3.47,60,262.43,-60.63,72,66.68,414.73,82.95,77.2,Low
V0251,Highway,EV,24.16,1.54,Hybrid,6.75,80,864.24,-81.29,655,20.54,489.43,244.72,81.85,Medium
V0252,Highway,EV,34.83,-0.25,Non-Renewable,5.29,57,826.25,-41.86,803,8.2,340.1,340.1,102.96,High
V0253,Highway,EV,118.66,-1.26,Renewable,3.01,28,475.93,-81.22,286,18.41,175.04,35.01,93.43,Low
V0254,Urban,Car,116.51,2.4,Non-Renewable,2.22,15,514.78,-81.12,1006,62.84,498.5,498.5,48.1,High
V0255,Urban,EV,20.49,-2.3,Renewable,6.98,93,256.86,-44.24,968,22.03,451.97,90.39,107.35,Low
V0256,Highway,Car,115.18,2.74,Hybrid,8.45,164,124.39,-66.74,972,26.45,281.02,140.51,91.38,Low
V0257,Suburban,EV,83.91,-1.12,Hybrid,8.74,62,594.76,-86.84,615,7.39,421.39,210.7,87.35,Medium
V0258,Urban,Bus,106.79,2.33,Hybrid,5.86,116,143.43,-60.09,187,73.68,417.12,208.56,67.69,Medium
V0259,Highway,Truck,65.47,0.62,Renewable,8.22,110,476.81,-59.91,522,81.98,470.66,94.13,69.35,Low
V0260,Urban,Car,71.56,1.96,Non-Renewable,7.38,57,943.47,-86.77,894,80.7,428.42,428.42,39.84,High
V0261,Urban,EV,68.88,2.9,Non-Renewable,7.79,144,955.19,-41.37,833,17.12,339.66,339.66,98.77,High
V0262,Suburban,Bus,86.69,-1.27,Renewable,5.94,196,277.37,-62.8,602,90.81,324.19,64.84,64.95,Low
V0263,Highway,Truck,33.97,2.77,Renewable,7.07,78,642.91,-62.01,659,68.87,260.31,52.06,76.96,Low
V0264,Highway,Car,23.0,-0.66,Non-Renewable,8.44,20,500.37,-63.99,744,90.27,331.92,331.92,51.27,High
V0265,Suburban,Truck,50.79,-0.69,Non-Renewable,5.18,152,881.9,-59.46,689,47.48,407.85,407.85,71.14,High
V0266,Suburban,Bus,90.47,-0.96,Non-Renewable,8.45,140,307.86,-76.79,278,46.51,486.07,486.07,59.05,High
V0267,Highway,Car,40.19,0.25,Non-Renewable,6.74,131,53.52,-75.64,366,79.53,260.28,260.28,54.4,Medium
V0268,Highway,Truck,87.34,-2.08,Renewable,3.33,78,204.43,-64.43,647,13.86,308.14,61.63,102.77,Low
V0269,Suburban,EV,116.99,0.32,Renewable,2.2,32,382.05,-49.67,817,54.48,250.16,50.03,90.42,Low
V0270,Urban,Car,29.39,0.25,Hybrid,4.9,190,349.94,-87.51,770,84.46,350.82,175.41,50.24,Medium
V0271,Urban,Truck,87.26,1.57,Non-Renewable,6.37,46,801.79,-59.83,776,83.87,333.46,333.46,56.48,High
V0272,Suburban,Bus,64.38,2.0,Hybrid,8.72,18,696.53,-49.66,935,95.83,58.03,29.02,70.8,Low
V0273,Urban,Bus,106.81,-0.36,Renewable,3.02,24,334.58,-82.15,661,71.34,293.52,58.7,65.32,Low
V0274,Suburban,Car,37.71,-1.19,Renewable,8.4,140,484.86,-89.25,610,24.74,89.82,17.96,87.11,Low
V0275,Urban,Truck,89.26,-1.44,Hybrid,8.9,102,140.78,-74.36,250,6.93,61.87,30.94,102.81,Low
V0276,Urban,Car,103.81,-1.83,Non-Renewable,3.21,26,903.24,-60.59,997,50.54,406.04,406.04,69.13,High
V0277,Highway,Car,114.46,-2.65,Non-Renewable,8.81,163,938.65,-83.09,307,53.8,166.39,166.39,68.24,Medium
V0278,Highway,Truck,88.32,-0.95,Non-Renewable,9.93,158,980.81,-68.69,529,27.82,203.29,203.29,86.58,Medium
V0279,Urban,Truck,69.72,-1.38,Non-Renewable,7.81,81,875.13,-62.38,937,16.85,78.84,78.84,101.44,Low
V0280,Urban,EV,81.78,2.8,Hybrid,8.28,158,215.26,-60.06,227,60.69,130.78,65.39,81.36,Low
V0281,Highway,Truck,106.89,0.35,Hybrid,9.96,130,93.89,-76.28,806,77.6,394.52,197.26,58.2,Medium
V0282,Highway,Bus,77.06,-0.92,Renewable,6.84,20,600.62,-70.0,172,99.35,272.09,54.42,57.6,Low
V0283,Highway,Car,23.04,0.48,Non-Renewable,4.46,175,916.97,-51.08,391,77.04,446.3,446.3,58.62,High
V0284,Suburban,Car,113.09,-2.16,Non-Renewable,8.7,81,218.48,-42.94,220,80.4,228.76,228.76,71.89,Medium
V0285,Urban,Bus,88.95,-0.34,Non-Renewable,6.92,115,56.69,-46.91,894,63.56,170.92,170.92,81.22,Medium
V0286,Highway,Truck,87.65,0.76,Hybrid,6.65,134,815.22,-61.79,697,98.66,206.42,103.21,59.61,Low
V0287,Urban,Bus,41.57,-0.07,Non-Renewable,4.03,44,122.96,-69.49,108,65.8,370.75,370.75,58.82,High
V0288,Suburban,Bus,85.89,-0.59,Hybrid,8.05,128,443.02,-73.35,754,86.72,299.75,149.88,57.47,Low
V0289,Suburban,EV,59.39,2.96,Non-Renewable,2.65,23,694.94,-83.75,514,94.85,456.89,456.89,32.86,High
V0290,Highway,Bus,85.12,2.28,Non-Renewable,9.39,23,274.96,-84.67,829,93.34,320.98,320.98,39.95,High
V0291,Suburban,Car,30.66,0.74,Renewable,4.61,19,129.76,-55.58,309,41.23,271.86,54.37,93.88,Low
V0292,Urban,Bus,85.78,0.42,Non-Renewable,3.02,149,781.52,-77.01,422,12.47,403.59,403.59,80.08,High
V0293,Highway,Car,119.94,0.72,Non-Renewable,5.54,47,648.67,-77.27,1022,21.33,476.39,476.39,71.88,High
V0294,Urban,Car,24.82,-1.79,Renewable,2.34,117,989.07,-40.09,144,10.63,210.13,42.03,117.54,Low
V0295,Urban,Car,117.72,-0.63,Hybrid,7.48,128,377.09,-80.6,174,15.01,162.44,81.22,93.13,Low
V0296,Suburban,Truck,60.69,-2.76,Hybrid,9.22,43,108.67,-82.6,90,22.54,327.3,163.65,84.25,Medium
V0297,Suburban,EV,107.08,-0.15,Non-Renewable,8.7,178,747.63,-85.07,940,37.4,274.49,274.49,70.04,Medium
V0298,Suburban,Car,98.24,0.26,Hybrid,3.02,19,545.65,-61.01,303,56.64,495.13,247.56,73.8,Medium
V0299,Suburban,Car,76.7,-1.63,Non-Renewable,3.01,131,252.54,-58.61,56,72.61,258.06,258.06,66.49,Medium
V0300,Suburban,Truck,93.84,2.78,Renewable,8.51,154,792.64,-71.74,520,25.04,83.45,16.69,95.78,Low
V0301,Highway,Car,107.85,2.46,Renewable,9.39,154,243.57,-63.23,777,68.89,489.82,97.96,74.04,Low
V0302,Urban,Bus,60.41,1.33,Non-Renewable,5.69,199,297.63,-50.58,560,71.9,429.61,429.61,62.28,High
V0303,Urban,Bus,52.7,0.2,Renewable,5.99,124,137.9,-49.09,630,58.07,130.21,26.04,90.12,Low
V0304,Urban,EV,86.76,2.22,Renewable,4.55,10,429.46,-42.1,118,90.84,457.07,91.41,73.96,Low
V0305,Urban,Car,100.78,-2.22,Non-Renewable,9.15,21,447.98,-48.79,130,15.54,203.3,203.3,102.67,Medium
V0306,Suburban,Truck,96.23,1.74,Non-Renewable,7.16,112,538.83,-61.76,591,21.83,219.7,219.7,92.22,Medium
V0307,Urban,Bus,99.78,-2.25,Renewable,4.31,13,723.52,-81.02,634,45.72,457.88,91.58,77.05,Low
V0308,Highway,Truck,63.56,1.77,Hybrid,4.39,179,910.8,-85.01,311,17.04,288.55,144.28,86.76,Low
V0309,Highway,Truck,101.78,-1.35,Hybrid,9.13,150,180.85,-87.27,138,58.8,111.99,56.0,69.16,Low
V0310,Urban,Bus,32.02,2.26,Non-Renewable,2.11,107,101.63,-56.67,964,42.85,216.08,216.08,84.44,Medium
V0311,Urban,Truck,74.45,2.66,Non-Renewable,4.58,115,67.6,-49.62,257,32.04,374.94,374.94,85.42,High
V0312,Highway,Bus,20.58,-2.11,Hybrid,6.43,94,186.44,-64.57,262,21.15,128.38,64.19,98.93,Low
V0313,Highway,Truck,52.46,-0.22,Renewable,3.19,130,675.05,-87.26,883,36.86,315.6,63.12,79.78,Low
V0314,Suburban,Bus,56.65,2.89,Hybrid,2.74,141,741.1,-63.23,315,62.76,362.87,181.44,72.93,Medium
V0315,Highway,Car,59.62,-0.1,Hybrid,8.52,91,797.18,-43.21,961,59.7,204.73,102.36,88.43,Low
V0316,Suburban,EV,89.55,2.18,Hybrid,9.16,28,281.52,-60.12,342,20.54,362.25,181.12,95.61,Medium
V0317,Suburban,Bus,58.86,0.53,Hybrid,8.59,139,340.6,-49.53,256,16.87,447.89,223.94,100.6,Medium
V0318,Suburban,Bus,64.87,-0.75,Non-Renewable,9.19,21,508.98,-49.99,382,7.53,262.45,262.45,103.12,Medium
V0319,Suburban,EV,43.75,-1.29,Non-Renewable,6.42,90,110.02,-43.39,126,6.18,222.31,222.31,109.1,Medium
V0320,Suburban,Bus,57.33,-1.78,Renewable,8.5,83,630.58,-51.49,337,88.58,163.02,32.6,73.33,Low
V0321,Urban,Bus,42.73,1.57,Renewable,5.07,107,984.55,-52.61,96,9.28,321.89,64.38,110.84,Low
V0322,Highway,Truck,27.32,-0.68,Renewable,7.33,15,392.77,-78.29,671,74.47,445.93,89.19,64.16,Low
V0323,Suburban,EV,80.34,0.07,Renewable,9.91,145,765.21,-87.0,249,87.84,196.1,39.22,55.62,Low
V0324,Highway,Car,86.82,-0.05,Hybrid,3.81,134,525.03,-64.12,476,14.32,228.31,114.16,100.07,Low
V0325,Highway,Bus,81.95,0.46,Non-Renewable,5.12,60,171.42,-83.78,259,46.45,232.98,232.98,68.24,Medium
V0326,Suburban,EV,66.35,2.19,Non-Renewable,5.84,20,603.13,-41.89,937,96.42,302.37,302.37,60.73,High
V0327,Urban,Truck,57.98,2.88,Renewable,3.1,194,334.88,-75.5,469,84.24,152.78,30.56,63.6,Low
V0328,Suburban,Car,106.33,-0.55,Renewable,2.65,136,82.68,-47.35,203,51.52,420.0,84.0,91.36,Low
V0329,Urban,EV,71.91,1.97,Hybrid,8.64,149,653.18,-70.62,571,77.44,183.02,91.51,66.39,Low
V0330,Highway,Car,67.92,1.59,Hybrid,9.81,82,865.99,-73.84,464,84.17,367.41,183.7,56.81,Medium
V0331,Urban,Car,22.56,0.44,Renewable,5.24,11,377.53,-43.24,402,38.06,280.95,56.19,101.54,Low
V0332,Urban,Car,54.12,2.74,Non-Renewable,2.7,17,420.78,-71.83,206,89.75,313.65,313.65,48.53,High
V0333,Urban,Bus,58.02,-1.8,Non-Renewable,2.53,148,896.47,-70.49,310,49.69,130.82,130.82,78.37,Low
V0334,Highway,Bus,59.88,-2.34,Non-Renewable,9.13,133,822.93,-84.7,126,55.14,380.76,380.76,56.04,High
V0335,Highway,Truck,78.02,2.12,Renewable,5.71,62,729.21,-56.48,818,99.97,134.88,26.98,65.43,Low
V0336,Urban,Truck,73.36,-0.37,Non-Renewable,4.56,19,286.36,-75.56,537,85.11,101.06,101.06,59.61,Low
V0337,Urban,EV,80.79,2.08,Hybrid,5.81,121,914.71,-60.72,180,39.37,296.01,148.0,87.56,Low
V0338,Suburban,Truck,96.49,2.36,Hybrid,4.55,17,196.69,-60.43,628,5.98,369.18,184.59,102.57,Medium
V0339,Urban,Car,101.3,-2.63,Renewable,5.91,45,645.43,-54.04,504,64.49,72.52,14.5,85.01,Low
V0340,Suburban,Car,91.81,2.3,Hybrid,8.88,115,77.36,-52.74,789,71.87,81.23,40.62,80.66,Low
V0341,Urban,Bus,115.55,-0.31,Renewable,6.74,23,661.53,-64.28,212,66.83,411.21,82.24,75.33,Low
V0342,Suburban,Car,21.82,0.06,Non-Renewable,7.56,191,313.29,-73.45,64,96.95,414.06,414.06,39.1,High
V0343,Highway,EV,39.58,0.76,Non-Renewable,4.92,95,477.19,-48.13,281,86.98,160.39,160.39,69.43,Medium
V0344,Urban,Car,20.76,2.56,Non-Renewable,7.91,158,378.0,-74.51,244,47.64,326.85,326.85,67.58,High
V0345,Urban,Car,84.75,-2.89,Hybrid,7.33,59,214.12,-64.62,910,10.97,249.43,124.72,100.97,Low
V0346,Urban,EV,109.8,-0.14,Renewable,2.96,176,640.88,-69.94,591,50.23,334.71,66.94,81.57,Low
V0347,Urban,Truck,44.35,1.13,Non-Renewable,6.58,29,887.88,-47.25,408,70.48,438.3,438.3,64.22,High
V0348,Suburban,Truck,112.7,1.34,Renewable,4.05,96,961.13,-68.4,899,62.73,85.94,17.19,78.58,Low
V0349,Urban,EV,26.03,1.16,Non-Renewable,8.43,144,232.73,-70.7,380,56.12,400.09,400.09,61.59,High
V0350,Highway,Bus,113.44,-2.19,Hybrid,5.41,146,731.5,-55.51,476,49.54,271.86,135.93,85.68,Low
V0351,Highway,Car,55.16,-1.2,Hybrid,9.96,138,681.12,-59.88,546,32.91,303.86,151.93,91.01,Medium
V0352,Urban,EV,30.14,-0.85,Renewable,2.74,163,376.21,-84.64,877,31.35,344.27,68.85,83.56,Low
V0353,Highway,Car,68.59,1.83,Hybrid,8.24,175,68.14,-64.59,535,52.52,465.18,232.59,74.82,Medium
V0354,Urban,Bus,45.68,-1.33,Hybrid,7.39,47,705.3,-53.23,857,20.26,75.52,37.76,106.37,Low
V0355,Urban,Car,48.49,-1.74,Renewable,8.14,198,948.22,-40.4,498,37.37,63.26,12.65,105.48,Low
V0356,Highway,EV,50.73,2.74,Non-Renewable,4.46,53,650.51,-58.54,462,35.78,130.22,130.22,91.33,Low
V0357,Urban,Car,100.3,-2.95,Hybrid,5.94,95,463.53,-71.49,379,60.78,493.9,246.95,66.52,Medium
V0358,Highway,Truck,73.92,2.99,Renewable,8.37,53,548.9,-78.69,781,11.33,371.78,74.36,96.27,Low
V0359,Suburban,Bus,51.13,1.06,Hybrid,3.86,83,239.65,-46.36,938,83.82,326.59,163.29,71.75,Medium
V0360,Urban,Bus,81.03,1.97,Hybrid,3.81,128,763.02,-49.27,196,58.43,71.17,35.58,89.37,Low
V0361,Suburban,Bus,91.62,-1.23,Hybrid,6.41,199,759.1,-78.3,308,68.73,445.6,222.8,60.34,Medium
V0362,Highway,EV,47.26,-2.91,Hybrid,6.19,131,188.24,-79.97,341,71.79,415.74,207.87,58.73,Medium
V0363,Suburban,Bus,61.35,1.43,Renewable,4.26,143,884.08,-54.24,860,32.69,349.16,69.83,98.04,Low
V0364,Suburban,Truck,32.19,2.0,Renewable,4.38,154,305.73,-74.25,192,49.69,202.61,40.52,81.0,Low
V0365,Highway,EV,38.11,1.44,Renewable,4.22,60,983.14,-74.68,986,95.84,81.73,16.35,58.92,Low
V0366,Suburban,Truck,88.11,-2.14,Hybrid,8.17,47,413.76,-82.39,796,77.84,311.02,155.51,57.11,Medium
V0367,Suburban,Car,38.14,1.52,Hybrid,7.22,161,218.99,-76.8,676,97.11,373.86,186.93,48.7,Medium
V0368,Highway,Car,72.52,1.61,Hybrid,8.66,60,384.13,-68.62,414,75.89,92.41,46.2,70.44,Low
V0369,Suburban,Car,90.9,0.95,Renewable,9.8,19,468.17,-53.36,139,21.68,335.2,67.04,104.13,Low
V0370,Highway,Car,30.69,1.6,Hybrid,5.79,129,115.84,-73.18,769,11.13,178.86,89.43,98.37,Low
V0371,Suburban,Truck,76.73,2.08,Non-Renewable,2.53,158,599.31,-73.57,213,59.88,393.91,393.91,58.58,High
V0372,Highway,EV,45.66,0.68,Hybrid,2.38,79,617.75,-75.75,530,38.99,292.83,146.42,80.31,Low
V0373,Highway,EV,116.29,-2.47,Non-Renewable,4.37,94,751.98,-66.09,133,31.17,108.07,108.07,90.97,Low
V0374,Suburban,Bus,68.35,-0.07,Hybrid,9.46,66,77.71,-80.97,126,81.69,286.93,143.46,56.5,Low
V0375,Suburban,Truck,100.6,-2.53,Renewable,6.19,135,564.18,-65.72,722,39.86,228.08,45.62,89.93,Low
V0376,Suburban,Car,75.02,-0.55,Hybrid,4.17,48,100.26,-54.79,566,35.12,131.16,65.58,96.77,Low
V0377,Urban,Truck,24.34,-0.56,Non-Renewable,5.19,42,716.09,-88.51,534,85.75,428.68,428.68,36.44,High
V0378,Urban,Bus,83.32,-2.6,Non-Renewable,6.79,196,102.94,-89.51,639,85.4,54.96,54.96,54.8,Low
V0379,Urban,Bus,115.14,-0.91,Hybrid,7.22,27,916.14,-86.24,652,38.85,190.46,95.23,77.69,Low
V0380,Highway,Truck,80.16,-2.33,Non-Renewable,3.23,193,716.98,-63.22,648,84.09,55.67,55.67,68.56,Low
V0381,Suburban,Truck,101.92,1.85,Non-Renewable,9.82,66,532.02,-47.28,831,85.82,93.2,93.2,73.79,Low
V0382,Highway,Truck,108.42,2.69,Renewable,6.36,105,469.43,-89.76,153,45.27,183.69,36.74,75.65,Low
V0383,Urban,EV,42.81,-2.57,Hybrid,3.09,57,174.14,-43.17,501,11.31,74.42,37.21,115.9,Low
V0384,Suburban,Car,41.2,2.73,Hybrid,9.15,51,326.45,-84.69,536,5.15,318.48,159.24,92.12,Medium
V0385,Highway,Truck,81.1,0.14,Hybrid,2.6,36,875.51,-47.9,388,54.71,89.09,44.54,91.47,Low
V0386,Suburban,Truck,61.1,-1.2,Non-Renewable,9.26,83,909.23,-65.86,736,37.69,365.77,365.77,74.94,High
V0387,Highway,Truck,103.99,-2.54,Hybrid,9.97,119,50.71,-57.03,615,99.73,73.69,36.84,64.78,Low
V0388,Suburban,Bus,110.0,0.0,Hybrid,7.6,189,614.43,-64.47,949,78.38,76.69,38.34,71.66,Low
V0389,Urban,Bus,55.34,1.77,Renewable,8.16,179,733.34,-66.15,527,77.32,187.4,37.48,71.39,Low
V0390,Urban,EV,43.69,1.24,Renewable,4.7,41,637.81,-48.26,772,95.75,453.46,90.69,68.46,Low
V0391,Suburban,Car,98.05,-2.7,Renewable,9.53,35,127.6,-52.21,656,89.33,338.63,67.73,70.84,Low
V0392,Highway,EV,47.48,-2.56,Non-Renewable,6.24,34,256.84,-65.83,272,35.23,396.56,396.56,74.64,High
V0393,Urban,Car,102.26,-0.58,Hybrid,7.86,84,287.82,-84.42,58,20.77,113.7,56.85,89.56,Low
V0394,Urban,Bus,62.37,-1.23,Renewable,9.39,32,840.14,-84.23,102,75.86,425.36,85.07,60.7,Low
V0395,Urban,Bus,86.75,-1.61,Renewable,9.8,66,490.04,-49.92,126,40.94,53.67,10.73,99.03,Low
V0396,Suburban,Bus,29.55,-1.31,Renewable,8.67,189,512.49,-63.53,767,49.95,145.88,29.18,86.8,Low
V0397,Suburban,EV,82.39,1.82,Hybrid,4.42,135,938.15,-65.92,552,64.89,327.24,163.62,71.41,Medium
V0398,Highway,Truck,65.18,2.58,Hybrid,9.73,96,655.23,-55.97,365,91.25,218.86,109.43,65.92,Low
V0399,Highway,Truck,78.66,-0.57,Hybrid,7.02,40,903.73,-47.06,863,44.81,492.89,246.44,86.74,Medium
V0400,Highway,Bus,36.8,2.44,Non-Renewable,9.45,73,483.68,-58.56,871,79.42,63.65,63.65,72.83,Low
V0401,Suburban,Truck,93.69,-1.07,Non-Renewable,7.41,42,191.96,-51.86,891,30.49,499.37,499.37,78.86,High
V0402,Suburban,Truck,106.28,-0.14,Renewable,4.46,11,933.44,-51.74,673,71.31,330.63,66.13,80.17,Low
V0403,Highway,EV,41.67,-1.64,Hybrid,4.96,27,485.77,-72.19,912,5.15,301.42,150.71,98.79,Medium
V0404,Highway,Car,29.57,0.84,Renewable,6.4,184,222.55,-76.3,214,87.79,76.78,15.36,62.19,Low
V0405,Suburban,Bus,22.36,2.87,Hybrid,8.32,170,337.28,-49.94,328,7.89,173.0,86.5,111.76,Low
V0406,Highway,Bus,84.2,0.62,Hybrid,4.54,93,98.26,-71.14,76,72.71,466.1,233.05,61.42,Medium
V0407,Urban,EV,80.71,-0.85,Hybrid,6.64,44,494.89,-44.83,119,9.39,209.41,104.7,112.66,Low
V0408,Suburban,EV,74.67,0.89,Non-Renewable,4.76,188,860.47,-86.52,267,30.29,347.74,347.74,69.21,High
V0409,Highway,Truck,43.19,-2.26,Non-Renewable,8.53,123,936.9,-87.09,1011,52.23,499.77,499.77,50.35,High
V0410,Suburban,Bus,59.09,2.33,Hybrid,5.73,155,935.97,-43.65,414,44.89,168.38,84.19,96.52,Low
V0411,Urban,Car,79.45,0.02,Renewable,2.61,119,168.97,-57.58,750,23.22,309.24,61.85,101.51,Low
V0412,Suburban,EV,69.68,-0.3,Hybrid,3.33,97,412.95,-71.02,894,36.71,363.4,181.7,82.05,Medium
V0413,Suburban,Car,118.78,0.52,Hybrid,2.49,81,76.82,-52.25,996,74.13,124.08,62.04,78.71,Low
V0414,Suburban,Car,33.64,0.75,Renewable,5.99,134,862.41,-56.38,355,68.58,116.9,23.38,81.35,Low
V0415,Suburban,Bus,89.51,-2.57,Hybrid,2.85,39,390.82,-63.44,173,11.82,255.34,127.67,100.99,Low
V0416,Urban,Bus,60.43,1.1,Renewable,2.91,181,649.56,-85.06,68,76.0,223.62,44.72,62.23,Low
V0417,Suburban,EV,62.82,-1.55,Non-Renewable,9.53,62,729.15,-49.39,306,10.04,371.4,371.4,96.72,High
V0418,Suburban,Bus,91.76,1.28,Non-Renewable,8.98,147,458.35,-46.7,345,56.58,81.28,81.28,89.3,Low
V0419,Highway,Bus,89.24,1.94,Renewable,5.62,96,341.12,-81.39,977,29.71,487.47,97.49,84.58,Low
V0420,Suburban,Bus,119.13,1.82,Non-Renewable,9.89,189,964.1,-47.47,71,60.83,56.42,56.42,88.03,Low
V0421,Highway,Car,32.84,0.32,Non-Renewable,2.0,186,966.26,-46.11,929,29.83,320.59,320.59,91.0,High
V0422,Urban,EV,30.41,0.12,Renewable,6.91,148,324.96,-62.53,499,98.57,303.18,60.64,61.42,Low
V0423,Urban,Truck,92.43,-2.14,Non-Renewable,6.93,195,505.64,-57.19,601,34.42,110.62,110.62,93.66,Low
V0424,Urban,Car,77.84,1.65,Hybrid,5.66,173,974.2,-70.89,599,27.99,117.91,58.96,92.61,Low
V0425,Urban,Bus,47.42,-1.37,Hybrid,5.18,170,54.62,-75.91,97,31.45,406.7,203.35,81.15,Medium
V0426,Highway,Car,27.94,-0.02,Renewable,5.64,184,442.04,-53.9,744,90.16,449.4,89.88,68.48,Low
V0427,Suburban,Bus,28.57,-1.29,Non-Renewable,5.32,22,145.43,-46.91,636,65.44,177.36,177.36,79.96,Medium
V0428,Urban,Bus,109.42,-2.2,Hybrid,7.84,49,533.7,-57.3,770,74.41,247.08,123.54,72.97,Low
V0429,Suburban,Car,39.19,0.78,Hybrid,3.08,98,73.44,-64.42,232,92.21,209.75,104.88,61.44,Low
V0430,Highway,EV,52.34,-2.67,Non-Renewable,3.58,77,436.55,-82.05,484,91.63,82.65,82.65,54.03,Low
V0431,Highway,Bus,42.67,1.49,Non-Renewable,3.44,51,259.66,-87.33,156,75.2,352.94,352.94,46.09,High
V0432,Highway,EV,55.5,-1.09,Hybrid,4.1,156,556.64,-67.72,237,23.79,421.34,210.67,88.71,Medium
V0433,Urban,Truck,26.94,-3.0,Hybrid,6.2,103,996.19,-87.53,825,85.12,187.2,93.6,54.0,Low
V0434,Suburban,Bus,71.91,0.07,Renewable,2.89,28,810.51,-61.53,135,24.36,495.58,99.12,97.1,Low
V0435,Suburban,EV,26.76,-2.72,Renewable,8.95,195,853.36,-70.86,885,75.58,84.13,16.83,70.94,Low
V0436,Suburban,EV,100.04,-1.34,Hybrid,4.38,32,653.5,-52.14,892,70.13,347.81,173.9,75.17,Medium
V0437,Highway,Truck,43.37,1.24,Renewable,3.3,63,89.48,-74.72,505,77.09,251.7,50.34,66.58,Low
V0438,Urban,EV,74.0,-2.62,Hybrid,7.4,74,246.46,-60.35,186,55.61,250.97,125.48,80.75,Low
V0439,Highway,EV,108.01,2.04,Hybrid,2.3,149,928.81,-63.12,907,65.68,255.94,127.97,74.2,Low
V0440,Highway,Truck,85.09,-2.98,Renewable,6.96,33,397.81,-89.76,947,95.57,166.41,33.28,50.67,Low
V0441,Suburban,Bus,73.3,-1.52,Renewable,7.59,43,148.45,-86.38,385,14.6,372.0,74.4,90.79,Low
V0442,Highway,EV,52.43,1.45,Non-Renewable,3.72,62,717.29,-75.48,656,34.34,374.71,374.71,71.35,High
V0443,Suburban,EV,53.3,-1.1,Non-Renewable,2.34,145,334.48,-45.89,887,63.08,177.08,177.08,81.66,Medium
V0444,Urban,EV,86.95,-2.39,Non-Renewable,4.91,27,305.41,-82.65,806,96.59,425.89,425.89,34.09,High
V0445,Suburban,Car,119.41,-0.84,Hybrid,2.79,66,998.08,-54.46,518,14.08,192.58,96.29,105.92,Low
V0446,Urban,Truck,86.18,-1.38,Renewable,2.93,121,865.23,-41.33,651,7.14,376.29,75.26,117.0,Low
V0447,Suburban,Car,75.78,2.06,Hybrid,4.03,14,437.54,-50.47,620,10.3,104.45,52.22,112.0,Low
V0448,Highway,Truck,93.07,-1.12,Renewable,4.36,163,981.25,-77.85,452,9.98,125.92,25.18,99.83,Low
V0449,Highway,Bus,66.52,1.73,Hybrid,6.24,167,667.61,-44.58,589,91.24,192.11,96.06,72.29,Low
V0450,Urban,Bus,26.01,2.35,Non-Renewable,7.43,191,754.92,-85.34,121,73.52,317.24,317.24,49.71,High
V0451,Urban,EV,76.23,-0.4,Non-Renewable,6.74,22,79.94,-66.59,831,69.33,340.48,340.48,60.02,High
V0452,Urban,Truck,115.76,2.46,Non-Renewable,3.19,92,165.52,-45.62,73,54.64,228.36,228.36,83.45,Medium
V0453,Suburban,Bus,37.53,-0.74,Hybrid,3.38,38,651.43,-57.94,673,79.29,85.03,42.52,74.26,Low
V0454,Suburban,Truck,89.0,2.78,Renewable,9.03,12,904.07,-69.32,861,19.79,218.14,43.63,98.26,Low
V0455,Urban,Bus,40.09,-2.46,Renewable,6.47,99,642.56,-75.36,534,42.23,359.95,71.99,82.61,Low
V0456,Highway,Car,73.58,1.12,Non-Renewable,8.96,113,177.32,-71.25,105,51.55,351.95,351.95,66.0,High
V0457,Suburban,Bus,29.67,-0.04,Non-Renewable,4.97,132,159.97,-64.55,272,15.49,122.09,122.09,98.88,Low
V0458,Suburban,Car,65.04,-0.67,Non-Renewable,6.92,195,851.98,-74.05,681,44.85,53.5,53.5,82.88,Low
V0459,Suburban,Bus,95.62,0.8,Non-Renewable,6.19,85,182.34,-41.55,228,35.07,388.84,388.84,87.25,High
V0460,Urban,EV,54.76,1.22,Renewable,4.55,139,544.22,-43.35,849,8.38,97.87,19.57,118.16,Low
V0461,Urban,Car,86.49,-2.97,Hybrid,5.76,117,85.26,-46.47,483,17.99,87.06,43.53,110.59,Low
V0462,Urban,Bus,99.54,-2.0,Hybrid,6.02,165,126.64,-68.91,986,77.58,51.22,25.61,70.47,Low
V0463,Urban,EV,112.72,1.28,Hybrid,3.61,91,688.73,-55.43,499,6.71,244.67,122.34,107.81,Low
V0464,Urban,Car,43.46,1.0,Hybrid,4.52,86,704.72,-44.86,842,93.75,276.47,138.24,68.78,Low
V0465,Highway,EV,59.93,2.8,Non-Renewable,8.33,11,374.4,-47.48,933,13.21,336.95,336.95,97.81,High
V0466,Highway,Truck,35.24,1.57,Non-Renewable,9.33,136,254.83,-69.28,541,80.93,183.23,183.23,60.73,Medium
V0467,Urban,Truck,119.25,2.7,Non-Renewable,4.88,144,823.02,-84.38,238,90.37,369.69,369.69,39.14,High
V0468,Suburban,Car,112.7,1.22,Hybrid,4.46,35,256.25,-86.22,627,94.41,126.2,63.1,51.53,Low
V0469,Urban,Bus,74.0,-1.21,Non-Renewable,3.56,97,564.93,-61.15,859,87.41,424.4,424.4,49.5,High
V0470,Highway,Car,104.2,-2.37,Non-Renewable,7.43,25,969.8,-57.87,1010,32.32,307.33,307.33,84.54,High
V0471,Highway,EV,72.1,1.69,Renewable,4.58,160,190.46,-47.51,469,36.64,312.75,62.55,99.8,Low
V0472,Suburban,Bus,82.36,0.86,Renewable,9.9,177,943.83,-75.37,298,45.52,144.4,28.88,83.11,Low
V0473,Highway,Truck,28.91,-2.71,Non-Renewable,4.61,197,223.75,-81.63,637,18.23,83.35,83.35,90.9,Low
V0474,Urban,Bus,95.53,-0.84,Renewable,5.15,82,589.07,-71.05,698,7.12,259.13,51.83,103.32,Low
V0475,Suburban,Truck,32.77,2.74,Renewable,6.83,41,408.16,-72.32,213,87.57,327.03,65.41,61.78,Low
V0476,Urban,Bus,102.61,0.0,Non-Renewable,8.41,24,966.68,-83.38,794,57.64,92.77,92.77,69.85,Low
V0477,Urban,Bus,98.2,-0.4,Non-Renewable,5.76,150,309.86,-56.39,304,62.83,477.74,477.74,61.5,High
V0478,Suburban,Bus,90.87,-0.25,Non-Renewable,5.38,14,429.68,-64.57,525,93.06,491.19,491.19,41.63,High
V0479,Urban,EV,23.62,-1.75,Non-Renewable,9.97,83,983.72,-53.94,855,68.19,295.46,295.46,69.16,Medium
V0480,Highway,EV,50.31,-0.79,Hybrid,2.08,61,559.65,-72.37,466,70.63,477.53,238.76,61.56,Medium
V0481,Urban,Car,46.31,-0.78,Hybrid,9.16,86,527.5,-73.71,219,79.76,130.75,65.38,65.0,Low
V0482,Suburban,Car,56.01,-2.69,Non-Renewable,3.19,178,294.89,-66.37,366,16.05,61.44,61.44,100.72,Low
V0483,Suburban,Truck,28.76,1.61,Renewable,8.29,190,716.3,-46.13,223,39.22,67.73,13.55,101.65,Low
V0484,Suburban,EV,113.7,-0.5,Non-Renewable,6.94,119,63.65,-87.99,519,96.98,314.38,314.38,36.8,High
V0485,Urban,Truck,75.38,1.93,Non-Renewable,4.73,187,97.04,-49.76,394,92.68,77.74,77.74,69.89,Low
V0486,Suburban,Car,50.55,2.1,Renewable,8.99,152,619.39,-71.55,494,88.99,481.35,96.27,59.92,Low
V0487,Suburban,Truck,59.7,-1.73,Hybrid,2.1,115,374.59,-47.27,67,47.95,113.87,56.94,94.54,Low
V0488,Urban,Car,64.72,0.94,Non-Renewable,3.81,136,955.65,-49.89,119,86.43,187.13,187.13,67.48,Medium
V0489,Highway,EV,80.06,-0.17,Non-Renewable,6.54,16,908.03,-72.56,387,9.6,420.13,420.13,82.91,High
V0490,Urban,Bus,71.57,2.28,Hybrid,4.81,49,728.02,-55.31,677,19.11,148.43,74.22,104.08,Low
V0491,Suburban,EV,111.94,-1.71,Hybrid,6.88,165,827.24,-82.02,641,44.33,159.34,79.67,77.84,Low
V0492,Suburban,Truck,69.7,1.07,Renewable,2.19,169,683.97,-45.19,576,50.92,339.04,67.81,93.55,Low
V0493,Urban,Truck,119.22,0.65,Hybrid,2.93,108,169.3,-69.78,737,30.03,174.24,87.12,90.74,Low
V0494,Highway,EV,105.14,-1.23,Hybrid,3.02,152,777.27,-67.22,505,38.87,147.85,73.92,88.26,Low
V0495,Suburban,EV,40.85,-2.18,Hybrid,3.51,94,249.68,-54.71,318,20.46,164.38,82.19,103.31,Low
V0496,Suburban,Car,113.06,0.91,Renewable,5.67,74,357.27,-48.96,680,51.47,270.79,54.16,92.08,Low
V0497,Suburban,Truck,31.64,1.43,Hybrid,8.02,141,828.27,-78.18,860,80.42,484.74,242.37,53.58,Medium
V0498,Urban,Truck,101.74,-1.11,Hybrid,9.24,20,559.7,-56.93,237,67.83,424.51,212.26,72.01,Medium
V0499,Suburban,EV,58.06,0.87,Renewable,8.68,117,866.94,-70.4,618,15.24,178.07,35.61,100.4,Low
V0500,Highway,Bus,107.8,-0.63,Hybrid,3.58,35,252.38,-71.56,760,51.32,213.52,106.76,78.22,Low
V0501,Suburban,Truck,106.81,1.28,Hybrid,5.53,198,627.39,-55.5,578,71.28,259.03,129.51,75.13,Low
V0502,Suburban,Bus,100.59,-1.8,Renewable,3.6,174,129.6,-70.64,483,55.34,490.52,98.1,77.1,Low
V0503,Highway,EV,99.0,2.34,Non-Renewable,4.12,160,660.91,-72.69,337,42.21,127.58,127.58,81.17,Low
V0504,Suburban,EV,50.47,-1.28,Renewable,6.03,94,774.41,-48.21,967,64.08,210.87,42.17,86.75,Low
V0505,Urban,Car,28.09,-0.79,Hybrid,2.54,177,605.68,-84.94,616,97.02,378.24,189.12,44.56,Medium
V0506,Urban,Truck,60.3,-2.65,Hybrid,3.75,160,302.92,-56.21,548,14.02,483.77,241.88,97.79,Medium
V0507,Urban,Bus,37.35,-2.33,Hybrid,9.48,132,79.78,-77.56,490,42.05,120.05,60.02,82.19,Low
V0508,Highway,Car,89.5,0.1,Renewable,5.73,153,163.48,-89.23,830,43.63,152.32,30.46,77.05,Low
V0509,Suburban,Truck,54.61,-1.39,Hybrid,5.56,198,641.19,-81.66,352,59.81,151.56,75.78,70.48,Low
V0510,Urban,Car,117.56,2.01,Hybrid,2.12,77,937.7,-59.67,136,19.46,59.42,29.71,103.95,Low
V0511,Highway,EV,84.1,-2.91,Renewable,3.98,113,246.21,-54.54,879,21.78,321.85,64.37,103.62,Low
V0512,Suburban,Truck,102.25,-0.73,Non-Renewable,8.93,89,748.27,-88.95,487,32.11,351.82,351.82,66.88,High
V0513,Highway,Car,33.25,-0.98,Non-Renewable,3.32,168,873.13,-88.18,590,95.81,321.14,321.14,36.95,High
V0514,Urban,Car,106.2,-2.88,Hybrid,5.32,62,544.84,-44.87,71,74.74,82.1,41.05,83.14,Low
V0515,Urban,Bus,112.28,-2.25,Renewable,2.11,115,685.8,-86.33,882,67.86,81.15,16.23,67.09,Low
V0516,Urban,Car,68.71,-0.52,Hybrid,5.83,162,824.26,-45.29,846,82.61,144.67,72.33,77.43,Low
V0517,Highway,Truck,80.63,-0.04,Renewable,2.17,53,297.64,-78.59,609,17.12,180.63,36.13,95.34,Low
V0518,Highway,Truck,96.48,-0.57,Renewable,8.56,149,332.05,-53.0,566,86.64,403.94,80.79,71.14,Low
V0519,Urban,Bus,37.48,0.19,Non-Renewable,8.6,99,50.6,-74.51,811,61.51,121.73,121.73,70.9,Low
V0520,Highway,Truck,70.26,0.57,Non-Renewable,8.3,110,964.94,-47.06,724,36.86,69.84,69.84,99.55,Low
V0521,Urban,EV,59.87,-2.94,Renewable,4.27,106,921.67,-54.98,552,82.51,227.29,45.46,73.98,Low
V0522,Urban,Truck,34.64,-0.22,Hybrid,8.7,18,776.34,-69.91,763,81.24,237.38,118.69,63.49,Low
V0523,Suburban,Truck,56.75,2.78,Non-Renewable,6.34,21,125.12,-86.18,516,85.34,252.91,252.91,46.59,Medium
V0524,Highway,Car,26.82,0.11,Hybrid,4.99,78,475.13,-53.36,150,15.97,422.11,211.06,99.78,Medium
V0525,Urban,Car,22.58,1.07,Non-Renewable,7.0,191,146.8,-59.16,632,97.09,94.1,94.1,62.17,Low
V0526,Urban,Truck,33.52,-1.13,Non-Renewable,2.1,191,65.12,-89.85,991,96.16,366.77,366.77,33.66,High
V0527,Highway,Bus,116.31,1.64,Hybrid,3.14,37,635.37,-89.53,724,38.96,202.08,101.04,75.7,Low
V0528,Suburban,Car,74.95,1.64,Non-Renewable,7.94,65,962.79,-49.56,734,11.26,189.49,189.49,105.12,Medium
V0529,Suburban,Bus,116.58,0.13,Non-Renewable,3.95,108,907.72,-77.03,190,20.87,469.64,469.64,72.57,High
V0530,Urban,Truck,63.25,2.86,Hybrid,6.78,119,711.92,-58.19,187,99.32,161.81,80.9,62.2,Low
V0531,Highway,Truck,51.18,-2.25,Non-Renewable,5.08,86,141.81,-67.29,627,58.49,339.14,339.14,65.15,High
V0532,Suburban,EV,70.61,-2.9,Non-Renewable,8.84,112,310.46,-46.83,759,38.88,173.81,173.81,93.45,Medium
V0533,Highway,Car,63.95,1.62,Non-Renewable,9.62,115,354.05,-44.15,889,32.38,278.21,278.21,92.82,Medium
V0534,Highway,Truck,30.57,1.84,Hybrid,9.07,118,774.99,-40.16,277,29.41,403.83,201.92,100.12,Medium
V0535,Urban,EV,84.08,-2.28,Renewable,4.16,121,812.14,-82.32,330,68.09,446.78,89.36,65.33,Low
V0536,Suburban,Car,41.6,-1.41,Hybrid,3.55,67,415.85,-46.85,733,44.84,427.41,213.7,88.47,Medium
V0537,Urban,Truck,81.96,-2.89,Renewable,5.8,87,446.99,-76.7,877,96.71,311.98,62.4,55.18,Low
V0538,Suburban,Truck,85.02,-1.24,Non-Renewable,2.06,84,92.28,-60.46,480,69.97,161.97,161.97,71.69,Medium
V0539,Suburban,Car,35.2,1.64,Renewable,2.21,51,324.68,-64.71,89,80.24,347.56,69.51,69.05,Low
V0540,Suburban,Car,26.13,0.11,Hybrid,6.43,175,478.72,-89.1,568,32.81,369.46,184.73,74.81,Medium
V0541,Suburban,Car,98.08,-0.91,Hybrid,6.16,77,161.13,-43.36,735,12.52,54.81,27.4,115.69,Low
V0542,Suburban,Truck,65.98,-0.77,Non-Renewable,9.96,190,480.6,-86.08,712,51.34,247.64,247.64,63.91,Medium
V0543,Highway,Truck,25.82,-2.99,Renewable,3.61,42,860.52,-55.59,260,34.89,429.47,85.89,95.47,Low
V0544,Urban,EV,119.49,-1.2,Non-Renewable,4.06,80,602.25,-50.75,351,24.2,270.31,270.31,94.01,Medium
V0545,Highway,Bus,25.78,0.88,Non-Renewable,2.91,65,124.98,-50.24,135,95.5,190.12,190.12,62.62,Medium
V0546,Suburban,Car,89.5,2.85,Hybrid,9.34,114,232.09,-83.23,446,47.18,442.31,221.16,68.74,Medium
V0547,Urban,Truck,118.37,2.08,Renewable,8.22,110,500.82,-67.62,302,21.6,120.15,24.03,99.19,Low
V0548,Suburban,Truck,43.92,-2.86,Renewable,8.58,60,393.41,-48.53,582,23.87,142.9,28.58,107.37,Low
V0549,Urban,Car,34.22,2.39,Renewable,9.22,83,390.79,-74.87,818,31.67,359.32,71.86,88.14,Low
V0550,Highway,Bus,32.14,1.7,Renewable,6.2,180,552.8,-66.61,940,99.94,208.6,41.72,59.64,Low
V0551,Urban,Car,50.33,1.68,Non-Renewable,5.61,130,605.18,-76.36,964,30.46,370.86,370.86,73.05,High
V0552,Urban,Bus,30.1,-0.25,Non-Renewable,4.64,152,807.02,-66.82,430,36.24,120.97,120.97,87.42,Low
V0553,Urban,Truck,89.22,-0.61,Hybrid,6.71,175,373.92,-45.61,493,67.64,163.52,81.76,84.29,Low
V0554,Urban,Bus,26.23,-1.18,Non-Renewable,5.63,152,815.19,-67.24,82,32.93,120.49,120.49,88.89,Low
V0555,Urban,EV,70.94,-2.61,Non-Renewable,5.61,14,371.68,-62.2,309,25.5,478.81,478.81,77.21,High
V0556,Suburban,Truck,119.67,-1.63,Hybrid,9.5,92,102.66,-69.8,283,20.07,232.43,116.22,94.25,Low
V0557,Urban,EV,101.4,-1.52,Hybrid,9.87,191,576.48,-66.99,564,34.7,201.75,100.88,89.11,Low
V0558,Urban,Car,81.52,-0.1,Hybrid,8.37,60,608.51,-89.24,908,15.06,56.39,28.2,91.44,Low
V0559,Highway,Car,50.63,1.48,Non-Renewable,8.05,19,937.81,-75.81,357,6.77,119.04,119.04,97.76,Low
V0560,Urban,Car,82.39,-0.16,Non-Renewable,7.44,149,739.76,-68.17,788,81.44,239.51,239.51,58.22,Medium
V0561,Highway,Bus,72.7,-2.65,Hybrid,3.33,13,921.88,-58.31,845,18.1,80.83,40.42,104.77,Low
V0562,Suburban,Truck,62.61,2.75,Hybrid,2.47,104,912.93,-67.5,119,78.72,279.83,139.92,64.89,Low
V0563,Urban,Car,33.07,2.66,Hybrid,7.53,155,624.35,-73.11,503,80.77,254.76,127.38,61.69,Low
V0564,Highway,Car,108.66,1.71,Non-Renewable,7.83,89,551.37,-70.6,488,56.1,395.23,395.23,61.89,High
V0565,Highway,Truck,64.98,2.95,Non-Renewable,2.38,45,579.57,-77.89,874,34.42,346.91,346.91,71.5,High
V0566,Suburban,Car,39.46,0.27,Renewable,9.42,34,979.41,-43.78,413,18.78,250.68,50.14,111.21,Low
V0567,Urban,EV,56.78,2.78,Non-Renewable,2.73,107,784.51,-63.91,815,75.0,151.1,151.1,67.99,Medium
V0568,Urban,Truck,61.41,-2.55,Non-Renewable,4.29,173,150.95,-89.33,530,62.13,377.09,377.09,50.42,High
V0569,Highway,Truck,102.75,-0.81,Non-Renewable,7.38,110,789.51,-89.03,193,67.27,368.54,368.54,48.42,High
V0570,Urban,Truck,93.36,-1.65,Hybrid,3.36,18,212.01,-41.35,73,5.82,118.98,59.49,118.44,Low
V0571,Highway,EV,96.93,-1.83,Non-Renewable,2.44,70,474.98,-78.93,1014,93.11,461.64,461.64,35.9,High
V0572,Urban,Truck,21.1,-2.16,Hybrid,4.65,62,249.94,-49.72,474,11.3,78.98,39.49,112.52,Low
V0573,Highway,EV,61.62,0.73,Renewable,8.13,155,705.1,-87.09,795,39.85,74.77,14.95,80.78,Low
V0574,Urban,Truck,68.13,1.69,Renewable,5.31,180,883.44,-43.94,894,43.26,134.31,26.86,100.06,Low
V0575,Suburban,Bus,21.92,0.47,Hybrid,7.22,172,325.84,-46.28,224,5.13,459.26,229.63,107.81,Medium
V0576,Urban,Car,45.98,-2.12,Hybrid,6.64,72,127.91,-61.45,893,52.22,284.0,142.0,81.06,Low
V0577,Urban,Bus,96.03,1.87,Hybrid,2.18,130,333.57,-89.55,374,76.52,404.57,202.28,51.85,Medium
V0578,Suburban,Car,33.71,0.82,Non-Renewable,9.91,114,688.74,-77.11,918,83.21,152.53,152.53,57.21,Medium
V0579,Urban,EV,73.53,-0.67,Renewable,2.33,13,362.32,-69.66,720,88.54,270.6,54.12,63.19,Low
V0580,Suburban,Bus,41.52,1.04,Hybrid,9.74,102,314.21,-67.0,909,51.33,211.23,105.62,80.55,Low
V0581,Urban,Truck,21.21,-1.44,Non-Renewable,6.4,178,225.21,-75.12,397,64.91,422.52,422.52,53.86,High
V0582,Highway,Car,44.12,-0.93,Renewable,9.71,182,522.64,-88.35,847,12.55,60.17,12.03,93.95,Low
V0583,Highway,Car,117.59,2.5,Non-Renewable,2.92,187,312.15,-60.49,67,51.36,159.73,159.73,81.09,Medium
V0584,Urban,Bus,100.15,-1.26,Renewable,5.92,37,744.46,-63.79,93,19.71,118.66,23.73,102.06,Low
V0585,Urban,EV,115.96,-0.18,Non-Renewable,3.36,179,122.79,-75.85,204,40.12,436.64,436.64,65.18,High
V0586,Urban,Bus,68.79,2.34,Renewable,2.41,89,680.83,-88.1,916,36.28,260.39,52.08,80.21,Low
V0587,Highway,EV,30.97,1.25,Renewable,6.94,85,275.68,-40.27,971,45.24,231.9,46.38,99.93,Low
V0588,Urban,EV,74.8,-2.63,Non-Renewable,3.66,125,514.82,-65.9,426,59.31,252.27,252.27,69.78,Medium
V0589,Highway,Car,65.44,-2.12,Hybrid,6.7,78,321.79,-52.2,792,90.77,487.37,243.68,61.33,Medium
V0590,Suburban,Bus,104.44,-2.95,Renewable,2.9,107,736.63,-67.38,932,42.48,432.62,86.52,85.74,Low
V0591,Highway,Bus,29.81,0.79,Hybrid,4.66,10,948.04,-87.84,877,98.21,367.87,183.94,42.78,Medium
V0592,Highway,EV,68.82,-0.31,Non-Renewable,8.25,176,921.22,-74.52,451,77.11,180.72,180.72,60.15,Medium
V0593,Suburban,Bus,35.0,-2.19,Hybrid,5.5,105,604.25,-73.99,274,53.59,124.33,62.16,78.1,Low
V0594,Highway,Truck,52.47,2.75,Hybrid,7.02,26,489.48,-48.08,266,66.18,464.65,232.32,76.25,Medium
V0595,Urban,Truck,93.74,0.18,Hybrid,7.18,121,827.39,-57.29,617,14.71,240.38,120.19,102.99,Low
V0596,Urban,Bus,67.6,-1.55,Hybrid,8.75,100,699.16,-76.23,80,85.23,175.44,87.72,59.88,Low
V0597,Highway,Bus,57.59,0.0,Hybrid,4.6,97,224.39,-41.61,918,60.32,261.91,130.96,87.49,Low
V0598,Urban,EV,59.45,1.08,Renewable,7.5,172,829.87,-73.92,108,98.68,463.03,92.61,54.07,Low
V0599,Highway,Truck,65.94,-2.54,Renewable,9.69,183,457.44,-40.09,941,65.46,224.18,44.84,89.98,Low
V0600,Urban,Truck,98.5,-1.35,Renewable,7.84,179,229.54,-40.19,947,84.24,303.19,60.64,79.75,Low
V0601,Urban,Car,109.21,1.84,Non-Renewable,5.92,176,317.71,-80.44,402,80.98,411.33,411.33,43.72,High
V0602,Highway,EV,115.53,-0.24,Hybrid,7.05,99,304.15,-74.36,984,37.82,242.21,121.1,82.85,Low
V0603,Urban,Car,98.69,0.28,Renewable,7.92,58,543.25,-65.7,494,29.66,155.09,31.02,95.77,Low
V0604,Highway,Truck,51.54,-0.4,Non-Renewable,6.9,199,272.65,-56.79,284,45.9,497.54,497.54,68.78,High
V0605,Urban,EV,88.81,-2.74,Renewable,2.13,47,167.39,-63.6,156,49.39,480.46,96.09,83.7,Low
V0606,Urban,Bus,63.76,-2.01,Renewable,3.56,160,167.51,-41.53,240,27.81,429.57,85.91,106.03,Low
V0607,Suburban,EV,45.47,-0.33,Hybrid,8.48,159,604.11,-53.8,579,89.99,359.77,179.88,64.11,Medium
V0608,Suburban,Bus,104.09,-1.74,Non-Renewable,4.18,141,748.02,-79.4,962,56.54,182.69,182.69,67.9,Medium
V0609,Highway,Bus,23.84,-2.7,Hybrid,7.85,186,355.46,-84.75,787,97.95,461.04,230.52,42.12,Medium
V0610,Suburban,EV,110.18,2.06,Hybrid,4.98,68,82.92,-55.58,728,81.95,174.0,87.0,71.88,Low
V0611,Highway,Bus,66.15,2.89,Renewable,6.18,77,170.86,-82.08,632,57.79,410.36,82.07,70.96,Low
V0612,Suburban,Car,83.72,1.76,Hybrid,2.54,139,918.96,-50.62,923,94.97,463.22,231.61,60.62,Medium
V0613,Urban,Truck,85.94,2.12,Non-Renewable,3.45,58,518.87,-74.45,615,52.96,321.35,321.35,65.23,High
V0614,Highway,Bus,109.51,-1.55,Hybrid,9.66,135,480.89,-73.66,294,89.28,411.38,205.69,53.25,Medium
V0615,Highway,Car,83.67,2.76,Hybrid,9.12,168,86.15,-89.46,911,39.02,406.26,203.13,70.6,Medium
V0616,Urban,Bus,81.39,-1.82,Hybrid,7.22,120,742.21,-54.95,125,40.97,136.92,68.46,93.62,Low
V0617,Highway,Truck,26.67,2.71,Renewable,5.68,177,551.66,-84.34,596,44.72,350.57,70.11,76.96,Low
V0618,Highway,Car,71.84,2.97,Non-Renewable,7.41,57,241.98,-51.36,316,56.93,92.06,92.06,86.25,Low
V0619,Suburban,Truck,35.02,1.27,Renewable,6.95,60,154.57,-65.41,366,57.58,278.53,55.71,80.72,Low
V0620,Highway,Truck,93.74,2.89,Renewable,6.55,52,414.22,-50.79,861,52.16,123.01,24.6,92.3,Low
V0621,Urban,Car,71.22,0.42,Renewable,2.47,107,845.3,-60.8,170,34.07,237.36,47.47,95.19,Low
V0622,Suburban,Car,88.02,-1.44,Renewable,7.06,192,872.03,-85.88,885,93.08,424.84,84.97,51.27,Low
V0623,Suburban,Car,24.17,-0.38,Renewable,8.15,186,622.7,-51.72,74,60.92,494.23,98.85,83.74,Low
V0624,Urban,EV,28.48,0.56,Non-Renewable,9.95,133,741.16,-86.51,481,43.74,193.08,193.08,70.22,Medium
V0625,Urban,Car,91.63,-2.56,Hybrid,2.09,89,159.4,-66.06,209,66.86,289.38,144.69,71.31,Low
V0626,Suburban,Car,27.21,0.73,Renewable,7.84,194,608.72,-81.38,645,77.96,280.08,56.02,62.53,Low
V0627,Highway,Car,27.13,2.89,Renewable,6.57,120,683.62,-52.38,163,96.27,479.48,95.9,65.88,Low
V0628,Suburban,Car,21.21,-1.86,Non-Renewable,5.47,152,240.68,-44.42,784,52.46,265.36,265.36,83.29,Medium
V0629,Urban,Bus,115.65,1.76,Non-Renewable,3.02,36,886.15,-62.29,949,15.65,364.6,364.6,87.8,High
V0630,Suburban,EV,93.75,2.45,Hybrid,5.27,167,235.25,-63.64,551,46.87,464.81,232.4,78.12,Medium
V0631,Urban,Truck,55.33,2.66,Non-Renewable,4.84,173,347.8,-51.8,215,50.5,218.02,218.02,82.95,Medium
V0632,Suburban,Car,49.65,2.76,Hybrid,4.42,122,639.53,-89.75,752,90.21,455.96,227.98,43.62,Medium
V0633,Highway,Bus,54.97,0.13,Renewable,7.85,95,656.43,-44.11,224,42.51,462.86,92.57,97.06,Low
V0634,Suburban,Bus,97.47,2.86,Renewable,7.61,123,714.42,-80.13,50,95.57,468.8,93.76,52.46,Low
V0635,Suburban,Bus,86.14,1.54,Hybrid,6.71,133,156.41,-40.79,948,51.09,171.7,85.85,94.77,Low
V0636,Urban,Truck,38.52,-2.03,Non-Renewable,9.51,58,856.99,-53.19,790,97.51,230.16,230.16,58.14,Medium
V0637,Urban,Car,37.41,-0.14,Hybrid,4.8,85,556.2,-51.29,135,5.78,441.68,220.84,105.42,Medium
V0638,Urban,EV,29.84,1.31,Non-Renewable,3.95,64,497.76,-57.19,623,90.39,211.62,211.62,60.63,Medium
V0639,Suburban,EV,86.03,-1.52,Renewable,7.25,65,982.04,-66.42,369,93.46,320.11,64.02,61.86,Low
V0640,Highway,Bus,96.44,0.84,Non-Renewable,3.59,104,753.36,-61.42,450,96.3,103.12,103.12,60.98,Low
V0641,Urban,Truck,46.5,1.0,Hybrid,4.52,53,162.11,-87.68,431,6.24,75.32,37.66,96.16,Low
V0642,Urban,Truck,22.09,-2.02,Hybrid,3.8,168,768.71,-58.8,767,21.31,235.4,117.7,99.06,Low
V0643,Suburban,Truck,28.22,0.39,Renewable,2.55,195,140.49,-58.7,666,67.11,310.51,62.1,78.99,Low
V0644,Urban,EV,116.79,1.63,Non-Renewable,8.62,96,76.1,-45.44,367,7.42,226.71,226.71,107.23,Medium
V0645,Highway,Bus,49.54,-0.01,Non-Renewable,4.04,190,433.44,-64.72,852,11.04,309.98,309.98,91.62,High
V0646,Highway,Car,96.92,-2.93,Non-Renewable,5.78,93,993.9,-86.14,299,26.0,281.79,281.79,74.84,Medium
V0647,Urban,EV,82.47,-2.95,Renewable,2.35,160,216.14,-74.69,574,53.68,358.57,71.71,77.23,Low
V0648,Urban,Bus,58.19,-0.86,Non-Renewable,7.59,165,689.01,-57.22,724,56.86,342.29,342.29,70.85,High
V0649,Suburban,Bus,40.57,2.56,Hybrid,4.64,25,214.73,-78.04,604,8.25,240.91,120.46,95.83,Low
V0650,Highway,Car,32.14,-1.63,Non-Renewable,7.96,174,738.55,-75.97,947,21.18,241.25,241.25,84.36,Medium
V0651,Highway,Car,81.5,0.81,Renewable,5.3,158,530.09,-48.98,1001,52.47,113.35,22.67,93.14,Low
V0652,Urban,Car,97.46,-1.67,Non-Renewable,3.57,154,695.97,-60.78,672,61.42,280.96,280.96,69.85,Medium
V0653,Suburban,Truck,84.39,-1.07,Non-Renewable,6.11,46,242.73,-64.57,766,19.1,314.23,314.23,87.45,High
V0654,Highway,Car,73.03,2.09,Hybrid,3.04,86,758.35,-74.08,945,42.89,264.42,132.21,79.9,Low
V0655,Highway,Bus,24.2,1.37,Non-Renewable,5.52,156,995.84,-53.45,305,90.92,196.57,196.57,62.99,Medium
V0656,Suburban,Car,116.85,-2.43,Hybrid,4.54,167,682.37,-75.61,356,99.9,374.74,187.37,47.88,Medium
V0657,Suburban,Bus,99.87,-0.43,Hybrid,9.3,54,518.81,-53.15,999,98.79,83.6,41.8,66.94,Low
V0658,Highway,EV,49.28,-2.82,Renewable,2.49,155,927.02,-86.49,193,88.76,461.5,92.3,52.76,Low
V0659,Highway,Truck,118.0,-0.11,Hybrid,7.55,71,65.06,-46.77,707,42.49,59.29,29.64,98.89,Low
V0660,Suburban,EV,80.19,0.97,Hybrid,3.46,173,743.43,-65.02,440,70.22,483.06,241.53,65.3,Medium
V0661,Highway,EV,78.24,-2.29,Renewable,4.55,109,894.31,-68.07,862,44.58,258.06,51.61,86.09,Low
V0662,Urban,Bus,94.81,-1.27,Hybrid,5.32,61,108.59,-59.45,725,66.61,235.7,117.85,76.08,Low
V0663,Urban,EV,101.18,-0.61,Renewable,9.26,28,477.56,-58.79,218,34.4,165.4,33.08,96.75,Low
V0664,Suburban,Bus,85.65,2.52,Non-Renewable,3.94,118,244.48,-83.4,347,62.59,54.53,54.53,69.28,Low
V0665,Suburban,Car,32.81,2.96,Renewable,2.73,53,588.19,-52.19,282,54.76,173.66,34.73,89.79,Low
V0666,Suburban,Car,53.83,-2.73,Hybrid,4.55,16,667.07,-76.2,952,7.33,99.23,49.62,100.75,Low
V0667,Urban,Bus,112.81,1.57,Renewable,2.84,181,337.49,-44.75,320,80.12,346.92,69.38,79.1,Low
V0668,Highway,Car,42.46,-0.77,Hybrid,3.03,126,486.98,-49.11,109,6.13,193.58,96.79,112.54,Low
V0669,Urban,Truck,57.22,-0.65,Non-Renewable,6.59,77,315.37,-72.69,345,32.85,395.23,395.23,72.47,High
V0670,Highway,EV,63.21,1.53,Renewable,2.49,43,400.92,-49.61,516,5.56,143.11,28.62,115.98,Low
V0671,Urban,Truck,63.94,2.51,Non-Renewable,2.25,78,201.56,-72.18,284,40.74,455.11,455.11,65.78,High
V0672,Highway,EV,81.29,2.71,Hybrid,7.72,64,891.28,-84.95,726,11.0,285.34,142.67,89.89,Low
V0673,Urban,Car,114.31,0.46,Hybrid,4.89,19,59.51,-41.91,755,91.78,101.53,50.76,75.62,Low
V0674,Suburban,Truck,44.07,-0.86,Non-Renewable,3.0,51,888.29,-57.37,283,44.49,230.38,230.38,82.55,Medium
V0675,Urban,Car,32.15,1.73,Renewable,4.03,50,593.09,-67.2,417,48.65,143.04,28.61,85.64,Low
V0676,Highway,EV,39.75,-1.49,Renewable,7.14,131,365.07,-70.11,744,38.24,139.86,27.97,89.43,Low
V0677,Urban,Bus,108.69,0.38,Hybrid,4.2,147,736.9,-73.76,894,64.61,277.87,138.94,68.87,Low
V0678,Urban,Bus,84.58,-0.85,Non-Renewable,5.96,19,532.36,-40.93,281,79.52,352.35,352.35,67.16,High
V0679,Urban,Truck,48.59,0.94,Non-Renewable,2.97,111,524.15,-83.26,922,66.57,460.23,460.23,47.07,High
V0680,Suburban,Car,101.59,-1.56,Renewable,6.7,197,154.64,-74.26,540,76.08,275.97,55.19,67.07,Low
V0681,Urban,Car,106.14,-1.85,Renewable,4.53,137,420.04,-65.73,668,91.07,484.63,96.93,61.75,Low
V0682,Suburban,Truck,104.65,2.51,Renewable,7.02,188,279.01,-66.1,552,87.04,473.74,94.75,63.69,Low
V0683,Suburban,Bus,111.89,-2.39,Non-Renewable,8.47,158,64.91,-66.43,939,69.04,439.28,439.28,55.3,High
V0684,Urban,EV,45.22,0.04,Renewable,6.89,145,392.09,-81.21,784,25.39,274.99,55.0,88.95,Low
V0685,Urban,Truck,95.5,-1.67,Renewable,4.37,101,135.33,-82.75,641,65.58,113.41,22.68,69.7,Low
V0686,Urban,EV,66.05,-2.77,Hybrid,4.05,122,293.99,-77.26,795,53.08,148.06,74.03,76.13,Low
V0687,Highway,Bus,104.2,-2.78,Renewable,4.62,87,137.89,-44.27,430,73.14,341.45,68.29,82.88,Low
V0688,Urban,Car,92.85,-1.95,Renewable,3.32,94,145.89,-84.35,745,84.13,239.79,47.96,58.36,Low
V0689,Suburban,Bus,97.64,2.2,Non-Renewable,3.45,39,239.06,-52.13,477,75.56,116.06,116.06,75.35,Low
V0690,Urban,Truck,85.62,-1.31,Non-Renewable,8.33,58,999.86,-52.12,746,85.42,265.55,265.55,62.95,Medium
V0691,Highway,Car,37.74,2.7,Hybrid,5.08,18,52.07,-49.51,695,11.07,57.84,28.92,113.26,Low
V0692,Urban,Truck,74.5,0.49,Renewable,5.49,154,656.74,-45.67,781,8.0,380.25,76.05,114.36,Low
V0693,Highway,Truck,118.47,-0.38,Hybrid,6.75,78,184.18,-76.85,849,29.56,83.11,41.56,89.72,Low
V0694,Highway,Bus,113.74,0.48,Non-Renewable,6.72,67,924.6,-78.77,413,90.56,333.1,333.1,43.68,High
V0695,Urban,Truck,24.32,0.1,Hybrid,2.54,194,138.95,-66.72,251,83.25,406.85,203.42,59.84,Medium
V0696,Suburban,Bus,36.48,1.55,Non-Renewable,8.65,71,957.31,-76.75,931,69.86,109.69,109.69,66.21,Low
V0697,Highway,Car,33.17,-1.31,Hybrid,3.42,61,630.38,-53.28,195,71.57,283.39,141.7,75.49,Low
V0698,Urban,Bus,92.6,-0.88,Hybrid,7.78,198,51.2,-58.2,885,74.03,400.58,200.29,68.87,Medium
V0699,Urban,Car,101.78,2.36,Renewable,8.18,49,899.31,-46.25,688,94.55,167.29,33.46,72.93,Low
V0700,Suburban,Bus,41.35,2.68,Hybrid,7.72,175,545.63,-85.86,506,84.06,123.31,61.66,56.96,Low
V0701,Highway,EV,70.59,2.36,Renewable,6.63,180,299.54,-44.25,184,64.22,201.57,40.31,88.75,Low
V0702,Highway,EV,104.07,-0.48,Renewable,2.12,72,778.92,-75.33,675,68.24,299.61,59.92,70.22,Low
V0703,Urban,Truck,93.28,1.68,Renewable,4.88,156,930.33,-65.47,313,25.31,308.88,61.78,96.52,Low
V0704,Urban,Bus,74.22,-0.14,Renewable,6.84,59,509.51,-68.07,113,67.45,108.89,21.78,76.15,Low
V0705,Suburban,Bus,79.03,-0.01,Hybrid,5.1,170,349.78,-51.98,540,45.34,255.91,127.96,89.94,Low
V0706,Suburban,Car,70.84,-1.77,Non-Renewable,8.91,150,799.5,-68.98,696,19.53,170.73,170.73,92.21,Medium
V0707,Highway,Truck,49.75,0.55,Non-Renewable,4.47,87,697.7,-42.82,90,81.61,428.91,428.91,61.34,High
V0708,Highway,Bus,76.5,-1.88,Non-Renewable,4.35,106,894.31,-44.87,345,53.47,191.11,191.11,86.27,Medium
V0709,Urban,Truck,88.89,-1.01,Hybrid,4.13,199,707.89,-46.39,52,97.86,427.42,213.71,62.19,Medium
V0710,Highway,EV,107.33,2.13,Renewable,4.66,52,281.35,-86.44,962,31.76,242.85,48.57,83.47,Low
V0711,Suburban,Bus,83.63,-1.76,Non-Renewable,6.46,186,935.08,-47.29,755,50.66,376.96,376.96,77.18,High
V0712,Suburban,Bus,96.11,-2.57,Hybrid,7.66,45,149.59,-50.92,159,47.56,279.53,139.76,88.77,Low
V0713,Urban,Truck,36.01,-2.59,Renewable,7.3,131,304.55,-84.82,270,16.47,329.88,65.98,91.06,Low
V0714,Suburban,Bus,66.16,2.64,Non-Renewable,8.46,117,544.18,-84.63,419,45.48,227.91,227.91,68.55,Medium
V0715,Suburban,Truck,20.93,0.04,Renewable,9.09,19,587.45,-84.94,417,32.32,395.69,79.14,82.41,Low
V0716,Suburban,Bus,44.67,-0.54,Non-Renewable,8.53,104,64.55,-89.43,485,20.23,241.34,241.34,78.1,Medium
V0717,Suburban,Car,92.65,1.87,Non-Renewable,2.15,15,791.54,-62.57,967,31.8,255.86,255.86,85.02,Medium
V0718,Urban,Truck,119.18,2.01,Non-Renewable,7.89,66,393.53,-41.33,53,27.16,282.96,282.96,96.61,Medium
V0719,Urban,Bus,29.92,-1.01,Renewable,3.67,138,436.1,-68.07,293,74.74,424.32,84.86,69.35,Low
V0720,Highway,EV,60.15,1.16,Hybrid,3.06,80,818.9,-62.96,951,7.92,346.72,173.36,100.89,Medium
V0721,Suburban,Bus,100.01,1.63,Renewable,7.11,195,410.32,-41.6,215,63.66,207.12,41.42,90.3,Low
V0722,Highway,EV,40.4,0.93,Non-Renewable,4.56,30,94.86,-77.24,75,77.26,351.64,351.64,50.17,High
V0723,Urban,EV,75.51,-2.09,Renewable,2.46,101,217.62,-47.08,444,50.67,339.09,67.82,92.73,Low
V0724,Urban,Car,93.31,2.26,Hybrid,3.1,136,958.11,-62.68,523,93.5,468.96,234.48,55.19,Medium
V0725,Urban,Truck,81.6,0.23,Renewable,2.01,89,116.89,-61.53,66,72.25,428.64,85.73,73.82,Low
V0726,Urban,Bus,38.8,-1.31,Hybrid,9.23,65,387.18,-72.84,777,76.05,341.35,170.68,62.02,Medium
V0727,Urban,Car,55.54,-0.45,Hybrid,2.2,125,528.02,-61.92,141,23.71,203.68,101.84,97.09,Low
V0728,Urban,Bus,98.38,-2.77,Renewable,3.68,157,518.62,-86.34,532,78.84,400.81,80.16,58.4,Low
V0729,Urban,EV,75.42,-2.23,Non-Renewable,5.33,191,53.76,-51.77,592,84.05,308.84,308.84,61.65,High
V0730,Suburban,Truck,20.52,1.59,Hybrid,4.85,34,526.1,-75.77,254,39.32,493.37,246.68,75.12,Medium
V0731,Highway,Bus,96.1,-3.0,Renewable,9.29,165,414.58,-45.62,551,25.27,161.38,32.28,107.94,Low
V0732,Urban,Bus,23.53,-0.5,Hybrid,2.32,14,973.48,-71.61,980,41.58,85.85,42.92,86.26,Low
V0733,Suburban,EV,94.57,0.14,Non-Renewable,6.1,129,201.2,-82.86,449,75.26,81.45,81.45,61.87,Low
V0734,Suburban,Bus,40.25,-2.67,Renewable,7.44,30,386.45,-55.21,256,44.68,338.01,67.6,91.68,Low
V0735,Highway,Bus,115.81,2.84,Renewable,9.45,27,448.51,-81.77,668,74.98,472.67,94.53,61.9,Low
V0736,Urban,EV,56.79,-1.64,Renewable,6.96,184,421.16,-52.32,195,15.79,50.87,10.17,110.44,Low
V0737,Highway,Car,52.69,-1.17,Non-Renewable,8.43,66,682.54,-41.59,928,81.57,376.6,376.6,64.59,High
V0738,Urban,EV,34.89,-1.18,Hybrid,2.67,102,254.74,-51.02,150,29.05,345.68,172.84,96.32,Medium
V0739,Suburban,Car,50.56,-1.62,Renewable,5.09,28,260.02,-88.88,929,28.65,379.54,75.91,82.44,Low
V0740,Suburban,Truck,107.67,-2.99,Hybrid,4.99,137,742.75,-60.01,879,61.09,209.93,104.96,79.2,Low
V0741,Suburban,Car,119.63,1.38,Hybrid,9.09,106,525.28,-55.23,929,11.66,419.22,209.61,101.07,Medium
V0742,Suburban,Car,56.83,2.8,Non-Renewable,3.21,140,444.4,-48.73,290,7.5,70.12,70.12,113.38,Low
V0743,Highway,Truck,64.86,-1.65,Renewable,3.22,179,210.74,-87.2,972,29.8,389.94,77.99,82.6,Low
V0744,Urban,Car,92.21,0.98,Hybrid,4.63,30,228.15,-65.99,808,56.12,170.18,85.09,79.69,Low
V0745,Urban,EV,108.62,1.45,Renewable,2.44,49,60.02,-63.23,212,91.22,264.58,52.92,65.13,Low
V0746,Highway,Car,79.3,2.09,Renewable,3.46,76,136.85,-81.54,933,85.41,420.19,84.04,57.32,Low
V0747,Urban,Truck,59.15,-0.46,Non-Renewable,9.72,162,579.0,-73.88,222,51.59,172.11,172.11,73.66,Medium
V0748,Suburban,EV,61.26,-1.18,Renewable,5.43,136,897.28,-67.99,551,8.52,133.34,26.67,105.41,Low
V0749,Urban,Truck,89.56,-1.05,Renewable,7.06,64,322.81,-48.34,596,55.85,356.59,71.32,89.34,Low
V0750,Suburban,Truck,20.32,1.28,Hybrid,7.81,189,361.36,-43.53,333,71.96,290.03,145.01,80.0,Low
V0751,Highway,Bus,81.96,1.9,Non-Renewable,4.94,181,159.83,-58.58,408,37.22,281.48,281.48,83.03,Medium
V0752,Urban,Bus,55.55,-1.91,Renewable,3.18,118,419.2,-70.25,430,15.55,165.55,33.11,100.44,Low
V0753,Highway,Truck,99.42,-0.77,Hybrid,3.65,107,85.36,-77.3,919,31.46,65.7,32.85,88.98,Low
V0754,Urban,Truck,29.3,2.41,Non-Renewable,4.51,193,921.72,-40.89,954,78.3,234.62,234.62,73.67,Medium
V0755,Suburban,Truck,78.82,1.84,Non-Renewable,7.09,192,689.46,-40.85,1021,38.37,97.95,97.95,100.49,Low
V0756,Highway,Bus,68.1,2.91,Hybrid,5.19,121,991.21,-43.75,960,82.14,457.7,228.85,70.61,Medium
V0757,Urban,Bus,84.23,1.53,Hybrid,2.05,124,888.68,-50.72,582,35.35,68.56,34.28,100.25,Low
V0758,Suburban,Car,26.49,-0.64,Hybrid,6.19,126,499.34,-73.71,869,20.54,244.24,122.12,91.77,Low
V0759,Highway,Car,78.0,0.54,Hybrid,9.37,96,543.7,-49.15,212,46.41,73.51,36.76,95.38,Low
V0760,Highway,Truck,76.15,0.97,Hybrid,8.5,90,231.05,-69.56,658,47.97,92.99,46.5,83.91,Low
V0761,Urban,EV,76.07,-2.53,Renewable,8.6,75,488.94,-73.66,356,6.53,346.49,69.3,101.44,Low
V0762,Urban,EV,80.35,0.27,Renewable,8.36,28,907.88,-52.76,388,16.12,341.2,68.24,107.15,Low
V0763,Urban,Bus,87.65,1.26,Non-Renewable,4.59,144,98.31,-86.02,104,22.57,64.87,64.87,87.46,Low
V0764,Suburban,Bus,100.5,-2.0,Renewable,8.12,127,870.38,-87.57,382,15.79,50.51,10.1,92.82,Low
V0765,Urban,Bus,46.98,1.68,Renewable,3.15,51,373.9,-67.6,176,37.44,85.47,17.09,91.63,Low
V0766,Highway,Truck,102.5,0.5,Renewable,7.26,51,904.54,-67.72,989,96.64,393.35,78.67,58.89,Low
V0767,Highway,EV,69.83,2.71,Hybrid,7.13,68,943.84,-45.22,754,53.38,313.06,156.53,87.87,Medium
V0768,Urban,Car,27.71,-2.75,Non-Renewable,2.2,29,687.32,-83.69,292,64.62,67.15,67.15,67.49,Low
V0769,Urban,Truck,25.86,-1.41,Non-Renewable,8.3,82,681.2,-83.84,910,38.86,269.64,269.64,70.17,Medium
V0770,Highway,Car,53.42,0.61,Non-Renewable,9.23,26,480.12,-82.63,649,35.73,370.41,370.41,67.3,High
V0771,Suburban,Car,98.49,-1.22,Non-Renewable,4.14,36,843.76,-88.51,897,7.2,441.03,441.03,75.09,High
V0772,Urban,Truck,90.77,1.29,Renewable,8.5,184,963.53,-86.41,458,52.53,470.32,94.06,70.83,Low
V0773,Urban,Car,98.86,1.55,Renewable,2.66,11,786.33,-57.01,552,50.94,197.35,39.47,89.05,Low
V0774,Highway,EV,71.73,-2.38,Hybrid,6.8,72,640.84,-68.42,776,19.99,111.12,55.56,98.02,Low
V0775,Urban,Car,64.02,0.08,Non-Renewable,5.89,71,626.45,-51.82,653,77.61,156.62,156.62,72.45,Medium
V0776,Suburban,EV,34.75,0.05,Renewable,6.37,109,857.0,-40.37,352,51.8,399.28,79.86,94.92,Low
V0777,Highway,EV,52.82,-0.78,Renewable,9.41,28,564.14,-57.05,513,37.2,487.17,97.43,93.0,Low
V0778,Urban,EV,63.4,2.6,Hybrid,8.97,26,813.67,-87.48,284,18.96,259.88,129.94,85.28,Low
V0779,Highway,Bus,28.86,1.97,Hybrid,8.28,78,533.44,-84.77,745,57.46,187.41,93.7,69.2,Low
V0780,Urban,Car,42.06,1.18,Hybrid,4.19,176,109.32,-45.95,87,76.52,243.14,121.57,77.69,Low
V0781,Urban,Truck,79.82,1.29,Renewable,9.29,126,414.75,-63.63,188,31.79,187.17,37.43,95.42,Low
V0782,Urban,Truck,93.57,-0.23,Renewable,2.78,90,472.22,-48.76,244,25.79,165.42,33.08,106.07,Low
V0783,Suburban,Car,119.83,2.53,Hybrid,8.83,48,184.54,-47.17,576,54.58,317.19,158.6,86.2,Medium
V0784,Suburban,Bus,113.31,1.17,Non-Renewable,4.63,45,147.37,-43.62,818,19.76,57.08,57.08,110.46,Low
V0785,Highway,Bus,84.26,1.37,Hybrid,2.43,177,558.69,-42.51,696,68.33,166.8,83.4,85.41,Low
V0786,Urban,EV,62.12,2.17,Hybrid,7.35,182,130.89,-62.26,50,62.51,347.62,173.81,73.92,Medium
V0787,Urban,Car,83.62,-1.36,Hybrid,3.85,141,337.8,-72.95,610,13.27,64.43,32.22,100.28,Low
V0788,Suburban,Car,98.57,1.84,Hybrid,3.95,162,757.37,-41.91,145,8.47,87.44,43.72,117.62,Low
V0789,Urban,Truck,31.83,-1.83,Renewable,4.45,167,966.21,-62.63,762,63.93,182.03,36.41,79.9,Low
V0790,Suburban,Car,60.99,-0.93,Non-Renewable,2.51,38,731.98,-86.79,462,32.96,445.01,445.01,62.87,High
V0791,Urban,Bus,103.98,-0.99,Hybrid,3.42,60,992.99,-57.86,587,13.21,394.2,197.1,99.61,Medium
V0792,Highway,Car,58.38,2.87,Non-Renewable,2.04,161,713.42,-60.62,904,77.15,59.97,59.97,73.12,Low
V0793,Urban,Truck,77.19,2.14,Non-Renewable,5.56,23,329.1,-45.21,478,34.83,275.77,275.77,91.19,Medium
V0794,Urban,EV,78.78,1.21,Non-Renewable,2.67,78,688.45,-57.34,284,48.66,173.61,173.61,83.32,Medium
V0795,Suburban,Truck,38.45,1.36,Hybrid,7.46,155,717.05,-72.55,398,27.5,341.89,170.94,86.43,Medium
V0796,Urban,Truck,56.22,0.37,Renewable,3.88,179,403.14,-41.69,805,64.6,374.7,74.94,88.11,Low
V0797,Urban,EV,53.45,2.68,Hybrid,9.55,66,66.83,-49.92,919,33.64,438.29,219.14,92.26,Medium
V0798,Suburban,Truck,22.62,-0.02,Non-Renewable,8.97,21,718.04,-58.48,530,96.96,263.94,263.94,54.08,Medium
V0799,Highway,Truck,22.42,-0.72,Non-Renewable,4.32,26,70.62,-75.35,888,71.78,497.5,497.5,46.56,High
V0800,Highway,Car,103.17,-2.02,Renewable,8.27,39,649.63,-71.32,445,17.99,490.99,98.2,95.44,Low
V0801,Suburban,Car,47.31,1.72,Hybrid,8.43,97,205.44,-56.5,400,44.59,446.98,223.49,83.28,Medium
V0802,Suburban,EV,71.81,1.41,Non-Renewable,9.89,108,587.32,-86.4,465,41.62,308.69,308.69,65.56,High
V0803,Suburban,Car,49.87,-0.69,Renewable,6.78,32,528.72,-77.17,935,55.75,229.1,45.82,76.25,Low
V0804,Suburban,Car,114.07,-2.85,Non-Renewable,2.66,138,62.84,-54.3,965,84.98,213.97,213.97,64.66,Medium
V0805,Suburban,Truck,45.93,2.03,Renewable,7.17,88,394.72,-66.0,936,60.43,55.46,11.09,81.23,Low
V0806,Highway,Bus,62.97,-2.93,Renewable,7.0,41,621.04,-69.88,100,10.85,162.13,32.43,103.01,Low
V0807,Highway,Car,107.27,1.22,Hybrid,7.11,18,856.18,-82.43,130,67.26,373.46,186.73,60.82,Medium
V0808,Suburban,Bus,104.19,2.82,Non-Renewable,4.46,24,894.21,-67.91,85,5.79,321.63,321.63,92.07,High
V0809,Urban,Car,38.61,-0.37,Hybrid,8.88,165,509.66,-51.47,116,79.1,462.39,231.2,68.16,Medium
V0810,Suburban,Car,100.26,-1.59,Non-Renewable,9.68,161,742.0,-76.8,690,68.33,72.51,72.51,68.81,Low
V0811,Urban,EV,65.82,1.23,Hybrid,3.74,197,350.63,-89.73,931,34.33,119.87,59.94,79.97,Low
V0812,Suburban,EV,68.3,1.9,Non-Renewable,2.71,172,375.08,-56.57,716,32.78,405.16,405.16,80.07,High
V0813,Suburban,EV,33.35,0.28,Hybrid,3.56,36,234.74,-41.37,806,80.84,211.33,105.66,78.61,Low
V0814,Highway,Bus,28.06,2.8,Renewable,8.56,118,583.85,-59.66,672,79.42,103.26,20.65,74.43,Low
V0815,Urban,Truck,92.79,-2.69,Non-Renewable,7.41,85,348.84,-84.0,729,38.47,498.4,498.4,58.84,High
V0816,Urban,Car,69.65,0.03,Non-Renewable,7.09,157,130.15,-73.96,530,33.4,404.26,404.26,71.11,High
V0817,Highway,Car,63.69,1.31,Renewable,5.21,74,700.76,-46.62,517,58.18,233.93,46.79,90.26,Low
V0818,Highway,Car,92.95,2.18,Hybrid,6.62,186,722.37,-78.37,191,5.79,420.51,210.26,92.41,Medium
V0819,Highway,Bus,96.55,-1.92,Non-Renewable,4.46,118,391.99,-59.62,405,12.85,356.27,356.27,90.95,High
V0820,Highway,EV,35.89,1.8,Non-Renewable,5.82,138,122.89,-69.87,758,16.99,405.49,405.49,81.3,High
V0821,Urban,Truck,81.02,0.32,Hybrid,8.34,19,454.98,-79.61,520,22.61,416.84,208.42,83.47,Medium
V0822,Urban,Bus,33.54,-0.62,Renewable,9.85,56,470.22,-49.33,670,53.64,88.13,17.63,92.63,Low
V0823,Suburban,EV,95.14,-2.21,Hybrid,9.46,132,685.24,-52.86,937,99.26,330.34,165.17,60.68,Medium
V0824,Suburban,Bus,85.7,2.19,Hybrid,9.47,68,349.65,-56.92,640,67.0,53.05,26.52,81.71,Low
V0825,Highway,Truck,115.66,-2.06,Hybrid,5.22,105,698.47,-78.18,951,10.82,69.56,34.78,98.76,Low
V0826,Highway,EV,26.9,-1.14,Non-Renewable,5.75,199,877.91,-85.11,722,54.93,456.79,456.79,52.14,High
V0827,Highway,Bus,25.71,-1.26,Renewable,7.65,112,275.61,-61.19,488,52.18,287.4,57.48,85.44,Low
V0828,Suburban,Truck,48.22,2.23,Renewable,9.38,133,979.97,-62.32,580,18.7,381.16,76.23,100.68,Low
V0829,Suburban,Car,46.17,1.04,Hybrid,3.14,95,417.05,-80.58,176,92.43,427.33,213.66,47.81,Medium
V0830,Suburban,Truck,44.7,1.78,Non-Renewable,4.43,155,303.9,-87.19,254,46.87,477.31,477.31,54.1,High
V0831,Suburban,Car,110.63,-1.5,Hybrid,3.11,121,450.44,-85.96,78,99.48,441.21,220.6,41.25,Medium
V0832,Suburban,Bus,44.95,0.75,Non-Renewable,6.9,183,139.68,-40.36,494,44.91,267.49,267.49,88.99,Medium
V0833,Suburban,EV,47.19,0.43,Non-Renewable,4.45,169,169.42,-50.82,1015,62.76,201.19,201.19,78.15,Medium
V0834,Suburban,EV,95.94,2.0,Non-Renewable,4.61,36,443.71,-43.9,768,14.95,119.52,119.52,109.6,Low
V0835,Highway,Bus,64.97,2.44,Non-Renewable,2.57,27,774.32,-80.25,513,48.15,230.14,230.14,69.29,Medium
V0836,Highway,EV,97.67,-2.93,Renewable,4.8,176,905.3,-41.97,329,27.68,214.92,42.98,108.03,Low
V0837,Highway,EV,26.54,1.04,Non-Renewable,8.9,186,681.58,-82.87,200,84.38,301.81,301.81,46.28,High
V0838,Highway,Car,68.76,-2.69,Non-Renewable,3.86,91,149.96,-64.55,289,79.47,349.48,349.48,55.52,High
V0839,Suburban,Bus,23.36,0.29,Hybrid,7.56,181,688.42,-48.52,315,83.3,490.25,245.12,66.83,Medium
V0840,Urban,Truck,26.27,-1.27,Hybrid,7.04,81,653.66,-72.51,743,73.74,377.77,188.88,62.43,Medium
V0841,Suburban,Car,110.64,-1.16,Renewable,8.91,63,815.48,-68.76,154,84.1,339.69,67.94,65.17,Low
V0842,Urban,Bus,33.92,-0.88,Hybrid,3.06,171,833.99,-83.59,986,24.08,200.79,100.4,86.15,Low
V0843,Highway,Car,73.24,0.73,Non-Renewable,9.82,80,874.79,-83.85,482,47.94,65.53,65.53,75.83,Low
V0844,Suburban,Truck,61.11,-1.0,Hybrid,6.66,173,443.42,-59.02,962,70.73,179.66,89.83,75.63,Low
V0845,Highway,Truck,54.73,1.4,Renewable,9.96,155,712.97,-56.22,546,65.55,395.8,79.16,80.16,Low
V0846,Suburban,Bus,109.98,-0.57,Hybrid,9.29,47,304.84,-51.13,489,73.05,142.37,71.18,79.35,Low
V0847,Highway,Truck,22.18,-2.59,Hybrid,3.77,196,999.37,-62.17,797,26.3,370.48,185.24,91.5,Medium
V0848,Urban,Car,86.38,1.7,Renewable,2.45,146,216.57,-57.71,734,14.35,310.9,62.18,105.86,Low
V0849,Urban,Truck,116.34,-1.29,Renewable,4.05,188,59.61,-89.32,207,92.1,127.34,25.47,53.02,Low
V0850,Urban,Car,76.02,-0.4,Non-Renewable,6.22,44,191.37,-81.89,221,58.22,167.73,167.73,66.56,Medium
V0851,Suburban,Car,113.68,1.11,Hybrid,3.37,91,787.08,-40.75,543,19.61,273.34,136.67,107.99,Low
V0852,Urban,Truck,25.23,-1.01,Non-Renewable,3.34,142,474.44,-86.2,1019,80.38,238.27,238.27,49.8,Medium
V0853,Suburban,Bus,61.88,-2.66,Hybrid,5.7,151,475.13,-56.06,360,91.92,400.35,200.18,61.0,Medium
V0854,Urban,EV,46.02,-0.76,Hybrid,2.27,167,957.27,-81.2,452,21.11,380.48,190.24,84.33,Medium
V0855,Urban,Truck,93.08,2.67,Non-Renewable,2.98,13,923.65,-54.16,718,82.65,308.56,308.56,61.17,High
V0856,Suburban,Car,118.13,0.85,Hybrid,5.33,176,345.64,-54.7,819,93.66,420.02,210.01,60.32,Medium
V0857,Suburban,Car,45.65,1.03,Hybrid,2.51,162,248.61,-78.29,725,94.14,303.2,151.6,51.2,Medium
V0858,Urban,Truck,85.42,0.79,Hybrid,5.17,165,856.06,-76.52,708,91.84,483.98,241.99,48.72,Medium
V0859,Suburban,Bus,39.81,-1.81,Renewable,5.79,159,910.72,-57.26,952,56.91,147.75,29.55,86.44,Low
V0860,Urban,Bus,76.53,-0.49,Non-Renewable,5.61,168,564.52,-70.5,715,38.84,371.36,371.36,71.76,High
V0861,Suburban,Car,66.39,1.51,Renewable,8.95,32,647.95,-80.27,512,5.69,216.47,43.29,99.86,Low
V0862,Highway,Car,117.2,-2.39,Non-Renewable,6.24,57,294.07,-53.42,416,10.79,175.53,175.53,104.12,Medium
V0863,Highway,Bus,80.85,-1.33,Non-Renewable,5.74,157,810.76,-82.29,599,45.74,131.17,131.17,74.43,Low
V0864,Highway,EV,54.95,-1.34,Hybrid,5.29,134,650.52,-47.22,692,42.94,298.63,149.32,92.45,Low
V0865,Highway,Truck,31.41,-0.41,Non-Renewable,8.54,175,528.34,-64.27,919,22.55,146.96,146.96,94.24,Low
V0866,Highway,Car,35.12,2.88,Renewable,9.16,64,107.1,-84.71,304,42.57,140.16,28.03,79.96,Low
V0867,Urban,Car,42.53,-2.59,Renewable,8.83,77,920.14,-55.3,257,21.59,495.74,99.15,101.6,Low
V0868,Highway,Bus,45.1,0.11,Renewable,7.39,97,634.68,-64.04,499,85.64,410.79,82.16,66.05,Low
V0869,Highway,Truck,105.06,-1.92,Non-Renewable,3.1,10,233.06,-75.1,144,33.33,386.72,386.72,71.45,High
V0870,Highway,Bus,76.12,2.82,Renewable,4.21,144,626.07,-68.87,909,61.86,407.33,81.47,75.56,Low
V0871,Highway,Truck,72.34,-2.32,Non-Renewable,2.37,194,693.59,-75.08,888,52.77,486.02,486.02,56.77,High
V0872,Suburban,Truck,31.48,-0.58,Renewable,9.45,104,549.48,-76.85,527,9.93,307.97,61.59,98.53,Low
V0873,Urban,Truck,106.01,1.43,Renewable,7.29,149,732.2,-81.82,732,94.51,149.11,29.82,55.34,Low
V0874,Highway,Car,92.28,1.23,Non-Renewable,7.97,115,602.38,-71.86,811,55.09,437.99,437.99,59.63,High
V0875,Highway,EV,26.77,-0.46,Renewable,4.49,142,950.38,-77.45,239,35.88,384.23,76.85,84.49,Low
V0876,Highway,Bus,90.78,-0.92,Hybrid,8.77,117,101.01,-55.83,760,20.02,236.44,118.22,101.16,Low
V0877,Urban,EV,74.35,-0.61,Non-Renewable,4.08,187,150.93,-55.81,533,37.16,263.11,263.11,85.36,Medium
V0878,Suburban,Bus,28.17,-1.41,Non-Renewable,2.01,51,214.99,-64.91,782,6.95,235.06,235.06,97.32,Medium
V0879,Urban,Truck,65.83,-1.77,Non-Renewable,5.01,111,705.66,-51.1,585,39.54,468.47,468.47,76.26,High
V0880,Suburban,Car,68.47,-0.1,Hybrid,6.57,133,663.32,-47.93,805,55.49,204.59,102.3,88.18,Low
V0881,Highway,EV,36.58,-1.39,Non-Renewable,5.83,149,897.46,-61.01,472,87.83,483.57,483.57,46.4,High
V0882,Highway,Car,114.57,-1.28,Renewable,8.9,112,746.23,-59.05,885,70.3,459.62,91.92,75.73,Low
V0883,Urban,Bus,105.0,0.94,Renewable,2.84,155,532.94,-75.86,689,15.6,333.73,66.75,95.93,Low
V0884,Urban,Car,86.9,2.81,Renewable,6.43,83,992.24,-45.26,654,19.04,310.92,62.18,109.74,Low
V0885,Suburban,Car,66.23,0.62,Non-Renewable,6.1,117,302.8,-88.79,861,45.67,216.54,216.54,66.94,Medium
V0886,Suburban,EV,61.18,-2.54,Renewable,4.25,131,841.53,-72.57,182,23.59,58.25,11.65,96.34,Low
V0887,Urban,Truck,85.1,-2.55,Non-Renewable,8.58,26,455.45,-53.91,104,7.65,107.43,107.43,108.85,Low
V0888,Suburban,Car,74.54,2.71,Renewable,8.02,80,666.3,-86.0,559,81.48,389.4,77.88,57.37,Low
V0889,Urban,Truck,26.23,-1.22,Hybrid,7.86,71,740.91,-80.84,719,6.85,262.19,131.1,94.6,Low
V0890,Suburban,Bus,71.25,-2.45,Hybrid,9.01,50,652.07,-60.54,590,83.92,117.43,58.72,69.83,Low
V0891,Urban,Car,100.64,0.59,Hybrid,7.78,128,183.48,-62.0,459,18.69,168.78,84.39,100.44,Low
V0892,Urban,EV,65.92,0.74,Hybrid,3.85,171,470.8,-53.05,260,97.59,476.53,238.26,57.77,Medium
V0893,Urban,Bus,25.2,0.89,Non-Renewable,7.64,54,583.37,-49.37,715,62.37,215.21,215.21,78.37,Medium
V0894,Suburban,Bus,98.63,-1.4,Renewable,4.46,67,856.59,-83.57,342,74.82,458.46,91.69,61.22,Low
V0895,Suburban,EV,40.14,-2.91,Hybrid,3.94,188,471.46,-89.08,783,15.5,187.09,93.54,88.03,Low
V0896,Suburban,Car,45.86,2.79,Non-Renewable,2.58,135,922.81,-55.52,164,86.9,294.45,294.45,59.07,Medium
V0897,Urban,Car,36.47,-1.49,Hybrid,7.95,171,468.36,-74.93,998,84.72,59.21,29.6,63.7,Low
V0898,Suburban,Bus,53.02,1.06,Hybrid,7.69,53,571.34,-58.7,719,67.03,284.84,142.42,75.01,Low
V0899,Suburban,Car,95.68,1.24,Non-Renewable,3.88,24,806.47,-82.47,308,52.72,336.62,336.62,60.57,High
V0900,Urban,Truck,71.94,0.66,Non-Renewable,8.0,87,603.91,-66.55,812,73.54,155.44,155.44,67.18,Medium
V0901,Highway,EV,40.49,-1.12,Renewable,9.34,79,962.21,-64.78,171,5.56,310.52,62.1,106.72,Low
V0902,Urban,Truck,107.78,-1.37,Renewable,2.86,187,677.32,-60.75,348,61.28,341.23,68.25,80.57,Low
V0903,Suburban,Car,107.96,0.59,Hybrid,3.86,110,546.57,-64.34,824,85.5,359.1,179.55,61.1,Medium
V0904,Urban,Bus,107.06,2.2,Hybrid,8.0,169,72.41,-65.22,430,38.91,399.38,199.69,82.95,Medium
V0905,Highway,EV,43.88,2.68,Renewable,4.2,12,443.05,-73.36,610,15.29,190.1,38.02,98.77,Low
V0906,Urban,Car,65.12,-2.36,Renewable,7.0,95,334.29,-86.44,938,44.98,305.5,61.1,76.24,Low
V0907,Suburban,Car,118.5,-2.07,Non-Renewable,2.65,83,760.7,-85.52,890,74.07,491.71,491.71,40.62,High
V0908,Highway,Bus,97.2,2.67,Renewable,5.62,60,247.86,-68.31,550,15.19,454.16,90.83,98.71,Low
V0909,Suburban,Bus,22.72,1.42,Renewable,7.91,76,244.96,-72.21,346,24.57,478.7,95.74,91.82,Low
V0910,Highway,Truck,26.52,2.3,Hybrid,7.49,85,230.04,-64.19,411,19.02,223.76,111.88,97.8,Low
V0911,Highway,EV,66.39,-1.78,Renewable,8.52,102,169.33,-74.76,638,80.71,404.12,80.82,63.22,Low
V0912,Urban,EV,110.92,0.53,Hybrid,9.02,185,345.46,-55.6,512,10.97,328.95,164.48,103.49,Medium
V0913,Urban,Bus,73.87,1.21,Renewable,8.19,154,891.63,-46.8,487,70.23,87.23,17.45,85.61,Low
V0914,Suburban,Truck,69.78,1.08,Non-Renewable,7.37,16,786.18,-75.06,176,39.81,420.79,420.79,66.53,High
V0915,Urban,EV,30.55,-0.55,Renewable,2.25,22,748.49,-80.35,246,76.8,354.7,70.94,62.88,Low
V0916,Urban,Bus,85.68,-2.91,Renewable,6.28,129,807.47,-84.19,270,96.62,139.51,27.9,53.2,Low
V0917,Highway,Car,102.21,0.5,Renewable,2.3,75,305.95,-59.19,140,15.88,85.88,17.18,106.61,Low
V0918,Urban,EV,58.04,-1.48,Hybrid,8.46,13,893.07,-67.81,460,34.87,426.66,213.33,82.99,Medium
V0919,Highway,Truck,97.56,-0.3,Non-Renewable,4.57,147,180.44,-80.6,57,81.96,85.51,85.51,59.44,Low
V0920,Highway,Truck,116.45,2.75,Renewable,6.5,97,369.53,-57.34,593,30.29,91.11,18.22,100.27,Low
V0921,Highway,Truck,40.38,-0.61,Hybrid,4.24,26,607.41,-82.58,517,25.44,242.33,121.16,84.93,Low
V0922,Suburban,Car,72.33,2.04,Non-Renewable,8.26,61,147.76,-62.28,369,83.41,110.66,110.66,66.62,Low
V0923,Suburban,EV,48.71,-1.87,Hybrid,9.09,143,743.62,-63.64,443,98.77,461.15,230.58,52.27,Medium
V0924,Suburban,EV,99.29,1.03,Hybrid,5.19,78,417.88,-53.29,318,57.9,261.63,130.82,82.86,Low
V0925,Highway,Car,77.76,2.86,Non-Renewable,8.9,146,795.19,-87.24,240,31.41,306.12,306.12,70.37,High
V0926,Suburban,EV,83.46,-2.39,Renewable,4.14,30,518.25,-45.61,910,42.86,467.65,93.53,96.09,Low
V0927,Suburban,Car,99.79,-2.95,Hybrid,6.28,33,221.83,-54.85,724,21.16,288.62,144.31,99.78,Low
V0928,Urban,Car,59.6,-0.4,Hybrid,8.87,13,748.02,-79.19,110,77.38,209.12,104.56,61.49,Low
V0929,Suburban,Car,111.51,-2.44,Renewable,4.61,161,289.54,-80.83,487,78.48,408.72,81.74,61.26,Low
V0930,Suburban,Truck,73.3,1.49,Renewable,9.63,196,516.27,-68.42,313,88.14,249.28,49.86,64.23,Low
V0931,Highway,EV,35.8,2.49,Non-Renewable,2.98,12,121.76,-49.12,846,7.53,193.31,193.31,107.01,Medium
V0932,Highway,Car,89.59,-0.4,Non-Renewable,2.15,77,636.97,-47.85,144,58.39,375.45,375.45,73.11,High
V0933,Highway,EV,99.33,-1.45,Non-Renewable,9.23,110,682.56,-63.98,602,25.35,410.72,410.72,79.8,High
V0934,Highway,Truck,51.68,-0.39,Renewable,2.55,177,409.74,-46.96,975,37.38,406.27,81.25,98.77,Low
V0935,Highway,Car,105.72,1.34,Hybrid,9.94,185,956.7,-89.73,519,79.57,489.95,244.98,48.1,Medium
V0936,Highway,Bus,110.61,-2.95,Hybrid,9.61,63,880.46,-88.24,710,23.24,404.0,202.0,79.16,Medium
V0937,Suburban,Truck,47.69,0.54,Non-Renewable,3.1,44,722.54,-44.41,765,65.64,396.47,396.47,70.15,High
V0938,Highway,Bus,118.35,0.68,Renewable,6.3,65,727.97,-51.23,828,67.18,435.87,87.17,81.44,Low
V0939,Highway,EV,34.07,0.83,Hybrid,3.48,117,289.78,-67.46,563,95.64,50.08,25.04,62.2,Low
V0940,Urban,EV,40.2,-1.55,Non-Renewable,5.43,49,673.97,-52.32,739,78.64,213.09,213.09,68.87,Medium
V0941,Suburban,Truck,38.42,1.28,Hybrid,2.49,77,238.3,-42.22,986,81.35,381.92,190.96,73.67,Medium
V0942,Suburban,EV,109.4,-2.45,Hybrid,3.79,55,186.8,-51.4,243,55.5,319.87,159.94,83.55,Medium
V0943,Suburban,Bus,85.43,-1.8,Renewable,4.91,87,999.49,-47.88,531,22.74,129.91,25.98,108.39,Low
V0944,Highway,Car,35.21,2.26,Renewable,5.51,150,641.26,-51.97,948,45.43,186.68,37.34,94.43,Low
V0945,Highway,Car,64.03,1.43,Hybrid,9.82,164,459.44,-81.59,385,57.2,201.56,100.78,70.57,Low
V0946,Highway,Car,81.53,-2.92,Non-Renewable,8.46,15,323.76,-48.32,484,69.45,305.52,305.52,70.84,High
V0947,Urban,Truck,28.35,-1.51,Renewable,7.9,26,623.72,-80.24,245,62.73,424.22,84.84,69.27,Low
V0948,Highway,EV,108.24,-1.71,Hybrid,6.3,173,97.11,-45.37,904,42.43,469.62,234.81,89.36,Medium
V0949,Urban,Bus,100.36,-1.38,Renewable,8.72,108,139.95,-67.07,298,30.2,387.54,77.51,92.49,Low
V0950,Suburban,EV,70.52,-1.51,Renewable,4.71,90,81.21,-56.15,547,20.98,429.33,85.87,102.14,Low
V0951,Highway,EV,116.71,-2.62,Renewable,7.67,11,524.21,-65.14,261,70.92,261.54,52.31,74.35,Low
V0952,Urban,EV,61.78,-0.25,Hybrid,9.95,86,620.58,-85.3,714,66.31,225.4,112.7,63.56,Low
V0953,Urban,Car,118.41,1.4,Non-Renewable,4.52,189,109.36,-75.46,719,70.3,226.72,226.72,60.78,Medium
V0954,Highway,Bus,86.79,0.64,Non-Renewable,7.39,75,735.16,-40.81,515,40.39,327.22,327.22,88.04,High
V0955,Suburban,Bus,83.47,1.04,Non-Renewable,8.75,61,268.88,-41.96,923,29.93,105.91,105.91,103.76,Low
V0956,Suburban,EV,36.6,-2.51,Renewable,9.33,101,700.94,-73.98,700,77.17,310.77,62.15,66.32,Low
V0957,Suburban,Car,108.19,2.71,Hybrid,7.74,180,982.8,-40.19,270,78.5,349.31,174.66,76.92,Medium
V0958,Urban,Car,62.75,2.03,Renewable,4.27,31,706.55,-47.72,322,48.28,247.51,49.5,94.52,Low
V0959,Urban,Bus,36.22,1.83,Non-Renewable,4.61,120,889.03,-59.45,203,63.13,478.93,478.93,59.76,High
V0960,Urban,Car,21.26,1.94,Non-Renewable,2.17,116,950.79,-87.99,298,40.48,323.7,323.7,64.58,High
V0961,Urban,Car,75.98,2.6,Hybrid,8.09,192,512.41,-44.93,328,71.68,149.0,74.5,82.97,Low
V0962,Suburban,Car,72.74,0.27,Renewable,2.34,76,717.21,-62.13,489,84.39,265.65,53.13,69.08,Low
V0963,Highway,Truck,91.94,-1.8,Non-Renewable,8.92,197,859.37,-46.58,997,70.38,353.93,353.93,68.82,High
V0964,Urban,EV,109.03,0.7,Hybrid,2.95,195,388.78,-48.28,865,53.7,195.63,97.82,89.12,Low
V0965,Urban,Bus,27.94,1.46,Renewable,3.38,149,298.33,-48.35,325,48.57,85.84,17.17,95.68,Low
V0966,Suburban,Bus,93.15,1.43,Renewable,5.81,78,949.27,-55.09,563,66.02,312.55,62.51,81.32,Low
V0967,Highway,Truck,38.74,0.13,Non-Renewable,7.9,93,739.99,-75.43,137,69.58,476.54,476.54,48.67,High
V0968,Highway,EV,105.82,-2.59,Non-Renewable,3.11,112,258.7,-73.19,848,58.08,268.28,268.28,65.95,Medium
V0969,Suburban,Bus,101.91,-0.77,Renewable,5.52,48,476.63,-74.58,972,64.37,457.75,91.55,70.95,Low
V0970,Suburban,Car,74.08,2.52,Renewable,5.86,22,806.63,-89.0,691,14.18,425.76,85.15,89.15,Low
V0971,Highway,Bus,91.02,0.51,Non-Renewable,3.7,50,569.71,-60.87,554,95.42,116.34,116.34,61.04,Low
V0972,Urban,Car,51.44,0.23,Renewable,2.92,66,667.45,-55.06,639,80.12,368.68,73.74,73.72,Low
V0973,Highway,Truck,67.12,-1.39,Non-Renewable,8.69,190,766.08,-47.31,821,40.52,245.96,245.96,88.79,Medium
V0974,Suburban,Car,102.16,-0.79,Renewable,6.02,21,640.91,-82.99,290,58.47,162.61,32.52,72.64,Low
V0975,Urban,Bus,65.93,2.37,Non-Renewable,2.12,22,563.08,-62.79,702,9.5,359.12,359.12,90.9,High
V0976,Urban,Bus,55.78,1.0,Hybrid,8.42,129,762.13,-89.6,789,8.92,384.2,192.1,86.14,Medium
V0977,Suburban,Bus,69.42,1.72,Non-Renewable,9.85,106,741.18,-85.25,724,28.83,130.95,130.95,81.41,Low
V0978,Suburban,Truck,102.82,-0.27,Non-Renewable,6.85,66,648.38,-87.29,285,70.52,461.5,461.5,43.02,High
V0979,Suburban,Truck,53.52,0.78,Hybrid,6.03,49,391.8,-53.73,177,85.95,388.02,194.01,65.46,Medium
V0980,Highway,EV,37.38,-1.51,Renewable,9.03,127,435.52,-85.95,552,58.12,470.02,94.0,68.26,Low
V0981,Highway,Bus,91.2,1.23,Hybrid,9.62,89,971.92,-54.18,249,55.55,192.68,96.34,85.32,Low
V0982,Urban,Car,102.6,-0.43,Non-Renewable,8.04,137,156.77,-77.52,1011,43.22,472.7,472.7,61.0,High
V0983,Suburban,Truck,30.06,-0.34,Renewable,5.56,182,305.08,-46.11,951,20.35,215.83,43.17,109.61,Low
V0984,Urban,Bus,43.99,0.9,Hybrid,6.74,44,517.78,-49.34,592,16.24,74.29,37.15,110.35,Low
V0985,Urban,Bus,34.2,2.62,Renewable,7.61,12,844.89,-42.11,551,77.26,393.34,78.67,81.38,Low
V0986,Urban,Truck,54.79,-2.62,Renewable,3.55,129,205.49,-45.81,699,93.11,366.58,73.32,71.87,Low
V0987,Urban,EV,65.04,1.95,Hybrid,5.58,14,313.11,-43.33,541,48.54,319.06,159.53,91.09,Medium
V0988,Suburban,Truck,94.88,-1.25,Renewable,8.64,20,112.51,-47.06,70,67.65,270.45,54.09,84.94,Low
V0989,Urban,Truck,85.11,-0.34,Hybrid,7.24,135,720.69,-55.33,283,91.87,64.47,32.24,69.79,Low
V0990,Suburban,Car,82.09,-2.87,Non-Renewable,5.29,80,276.3,-81.49,763,13.56,331.07,331.07,80.92,High
V0991,Suburban,Car,55.24,-1.19,Renewable,7.31,126,419.24,-76.41,840,78.2,237.58,47.52,65.32,Low
V0992,Highway,EV,104.14,0.02,Non-Renewable,2.95,193,471.52,-79.36,692,63.6,302.09,302.09,58.42,High
V0993,Suburban,Bus,67.13,-2.66,Non-Renewable,5.21,147,896.75,-59.82,465,61.87,243.19,243.19,72.0,Medium
V0994,Highway,Truck,117.91,-0.05,Renewable,8.35,115,440.76,-64.82,197,32.79,484.73,96.95,91.35,Low
V0995,Suburban,EV,83.41,2.56,Hybrid,3.76,125,187.96,-46.65,1019,69.97,321.85,160.93,78.64,Medium
V0996,Suburban,Car,32.63,-2.37,Renewable,3.49,171,548.1,-42.37,78,80.51,387.16,77.43,79.69,Low
V0997,Suburban,Truck,87.62,1.59,Non-Renewable,9.61,76,964.81,-69.76,410,15.72,471.36,471.36,78.69,High
V0998,Highway,Bus,52.51,-0.54,Non-Renewable,3.68,40,627.3,-64.68,357,55.68,316.22,316.22,69.01,High
V0999,Highway,Car,88.63,0.93,Hybrid,4.09,84,984.22,-41.42,932,14.62,55.43,27.72,115.59,Low
V1000,Urban,Car,26.96,-1.44,Renewable,9.76,80,849.05,-76.19,991,87.89,65.43,13.09,62.31,Low
